name,seed,weights,preprocessor,num_classes,metrics_accuracy_score,metrics_precision,metrics_recall,metrics_f1,pca_components,neighbors
exp_95,15,False,ised_features,2,0.7872340425531915,0.6440677966101694,0.8085106382978723,0.7169811320754716,2,3
exp_92,15,True,vggish,2,0.8865248226950354,0.8163265306122449,0.851063829787234,0.8333333333333334,2,3
exp_93,15,False,vggish,2,0.8794326241134752,0.7884615384615384,0.8723404255319149,0.8282828282828283,2,3
exp_94,15,True,ised_features,2,0.8085106382978723,0.6851851851851852,0.7872340425531915,0.7326732673267328,2,3
exp_91,15,False,openl3,2,0.8439716312056738,0.7358490566037735,0.8297872340425532,0.78,2,3
exp_90,15,True,openl3,2,0.9361702127659576,0.88,0.9361702127659576,0.9072164948453608,2,3
