name,seed,weights,preprocessor,num_classes,metrics_accuracy_score,metrics_precision,metrics_recall,metrics_f1,pca_components,neighbors
exp_45,11,False,vggish,2,0.8581560283687943,0.953125,0.7820512820512819,0.8591549295774649,2,3
exp_44,11,True,vggish,2,0.8581560283687943,0.9264705882352942,0.8076923076923077,0.8630136986301371,2,3
exp_46,11,True,ised_features,2,0.7588652482269503,0.7894736842105263,0.7692307692307693,0.7792207792207793,2,3
exp_47,11,False,ised_features,2,0.7234042553191491,0.7826086956521741,0.6923076923076923,0.7346938775510203,2,3
