name,seed,preprocessor,fischer_reweighting,pca_n_components,classifier,metrics_accuracy_score,metrics_precision,metrics_recall,metrics_f1
exp_104,13,vggish,True,1,knn-3,0.8794326241134752,0.8214285714285714,0.9718309859154928,0.8903225806451612
exp_105,13,vggish,True,2,knn-3,0.9078014184397164,0.8815789473684209,0.943661971830986,0.9115646258503399
exp_106,13,vggish,True,3,knn-3,0.9078014184397164,0.8625,0.9718309859154928,0.913907284768212
exp_107,13,vggish,True,4,knn-3,0.9007092198581559,0.8518518518518519,0.9718309859154928,0.9078947368421052
exp_108,13,vggish,False,1,knn-3,0.8085106382978723,0.7619047619047619,0.9014084507042254,0.8258064516129031
exp_109,13,vggish,False,2,knn-3,0.8652482269503546,0.8333333333333334,0.9154929577464788,0.87248322147651
exp_110,13,vggish,False,3,knn-3,0.9007092198581559,0.8518518518518519,0.9718309859154928,0.9078947368421052
exp_111,13,vggish,False,4,knn-3,0.8794326241134752,0.8375,0.943661971830986,0.8874172185430463
