name,seed,weights,preprocessor,num_classes,metrics_accuracy_score,metrics_precision,metrics_recall,metrics_f1,pca_components,neighbors
exp_87,21,False,ised_features,2,0.6808510638297872,0.6764705882352942,0.6666666666666666,0.6715328467153284,2,3
exp_86,21,True,ised_features,2,0.6808510638297872,0.6764705882352942,0.6666666666666666,0.6715328467153284,2,3
exp_84,21,True,vggish,2,0.8723404255319149,0.918032786885246,0.8115942028985508,0.8615384615384616,2,3
exp_85,21,False,vggish,2,0.8368794326241135,0.8709677419354839,0.7826086956521741,0.8244274809160306,2,3
