name,seed,weights,preprocessor,num_classes,metrics_accuracy_score,metrics_precision,metrics_recall,metrics_f1,pca_components,neighbors
exp_151,37,False,ised_features,2,0.6737588652482269,0.6875,0.6285714285714286,0.6567164179104478,2,3
exp_150,37,True,ised_features,2,0.7659574468085106,0.7761194029850746,0.7428571428571429,0.759124087591241,2,3
exp_149,37,False,vggish,2,0.7163120567375887,0.7419354838709677,0.6571428571428571,0.6969696969696969,2,3
exp_148,37,True,vggish,2,0.8156028368794326,0.8142857142857143,0.8142857142857143,0.8142857142857143,2,3
