name,seed,weights,preprocessor,num_classes,metrics_accuracy_score,metrics_precision,metrics_recall,metrics_f1,pca_components,neighbors
exp_151,37,False,ised_features,2,0.6950354609929078,0.7454545454545455,0.5857142857142857,0.6559999999999999,2,3
exp_150,37,True,ised_features,2,0.8439716312056738,0.875,0.8,0.8358208955223881,2,3
exp_149,37,False,vggish,2,0.7446808510638298,0.7741935483870968,0.6857142857142857,0.7272727272727272,2,3
exp_148,37,True,vggish,2,0.8581560283687943,0.8472222222222222,0.8714285714285714,0.8591549295774648,2,3
