name,seed,weights,preprocessor,num_classes,metrics_accuracy_score,metrics_precision,metrics_recall,metrics_f1,pca_components,neighbors
exp_11,2,False,ised_features,2,0.7730496453900709,0.8771929824561403,0.6666666666666666,0.7575757575757576,2,3
exp_10,2,True,ised_features,2,0.9078014184397164,0.9696969696969696,0.8533333333333334,0.9078014184397164,2,3
exp_8,2,True,vggish,2,0.851063829787234,0.875,0.84,0.8571428571428572,2,3
exp_9,2,False,vggish,2,0.8226950354609929,0.8378378378378378,0.8266666666666667,0.8322147651006713,2,3
