name,seed,preprocessor,fischer_reweighting,n_components,n_neighbors,metrics_accuracy_score,metrics_precision,metrics_recall,metrics_f1
exp_515,25,openl3-mel256-512-music,False,2,3,0.8865248226950354,0.9156626506024096,0.8941176470588236,0.9047619047619048
exp_514,25,openl3-mel256-512-music,True,2,3,0.900709219858156,1.0,0.8352941176470589,0.9102564102564102
