name,seed,preprocessor,fischer_reweighting,pca_n_components,classifier,metrics_accuracy_score,metrics_precision,metrics_recall,metrics_f1
exp_272,34,vggish,True,1,knn-3,0.9007092198581559,0.9090909090909092,0.9090909090909092,0.9090909090909092
exp_273,34,vggish,True,2,knn-3,0.8936170212765957,0.8875,0.922077922077922,0.9044585987261146
exp_274,34,vggish,True,3,knn-3,0.8865248226950354,0.8961038961038961,0.8961038961038961,0.8961038961038962
exp_275,34,vggish,True,4,knn-3,0.9361702127659576,0.9358974358974358,0.948051948051948,0.9419354838709676
exp_276,34,vggish,False,1,knn-3,0.6808510638297872,0.6904761904761905,0.7532467532467533,0.7204968944099378
exp_277,34,vggish,False,2,knn-3,0.8865248226950354,0.8765432098765432,0.922077922077922,0.8987341772151898
exp_278,34,vggish,False,3,knn-3,0.9007092198581559,0.9090909090909092,0.9090909090909092,0.9090909090909092
exp_279,34,vggish,False,4,knn-3,0.9007092198581559,0.92,0.8961038961038961,0.9078947368421052
