name,seed,weights,preprocessor,num_classes,metrics_accuracy_score,metrics_precision,metrics_recall,metrics_f1,pca_components,neighbors
exp_73,18,False,vggish,2,0.8226950354609929,0.8226950354609929,0.8226950354609929,0.8226950354609928,2,3
exp_74,18,True,ised_features,2,0.851063829787234,0.851063829787234,0.851063829787234,0.8510638297872339,2,3
exp_75,18,False,ised_features,2,0.6737588652482269,0.6737588652482269,0.6737588652482269,0.6737588652482269,2,3
exp_72,18,True,vggish,2,0.8439716312056738,0.8439716312056738,0.8439716312056738,0.8439716312056738,2,3
