name,seed,weights,preprocessor,num_classes,metrics_accuracy_score,metrics_precision,metrics_recall,metrics_f1,pca_components,neighbors
exp_50,12,True,ised_features,2,0.8014184397163121,0.7916666666666666,0.8142857142857143,0.8028169014084506,2,3
exp_51,12,False,ised_features,2,0.7021276595744681,0.7121212121212122,0.6714285714285714,0.6911764705882353,2,3
exp_48,12,True,vggish,2,0.8723404255319149,0.8714285714285714,0.8714285714285714,0.8714285714285714,2,3
exp_49,12,False,vggish,2,0.8652482269503546,0.8493150684931506,0.8857142857142857,0.8671328671328671,2,3
