name,seed,weights,preprocessor,num_classes,metrics_accuracy_score,metrics_precision,metrics_recall,metrics_f1,pca_components,neighbors
exp_29,7,False,vggish,2,0.8581560283687943,0.8412698412698413,0.8412698412698413,0.8412698412698413,2,3
exp_28,7,True,vggish,2,0.9078014184397164,0.8472222222222222,0.9682539682539684,0.9037037037037036,2,3
exp_31,7,False,ised_features,2,0.7092198581560284,0.671875,0.6825396825396826,0.6771653543307087,2,3
exp_30,7,True,ised_features,2,0.8156028368794326,0.8245614035087719,0.7460317460317459,0.7833333333333334,2,3
