name,seed,weights,preprocessor,num_classes,metrics_accuracy_score,metrics_precision,metrics_recall,metrics_f1,pca_components,neighbors
exp_79,19,False,ised_features,2,0.7092198581560284,0.8,0.65,0.7172413793103448,2,3
exp_77,19,False,vggish,2,0.8723404255319149,0.9305555555555556,0.8375,0.8815789473684209,2,3
exp_76,19,True,vggish,2,0.8156028368794326,0.8648648648648649,0.8,0.8311688311688312,2,3
exp_78,19,True,ised_features,2,0.8652482269503546,0.9066666666666666,0.85,0.8774193548387097,2,3
