name,seed,weights,preprocessor,num_classes,metrics_accuracy_score,metrics_precision,metrics_recall,metrics_f1,pca_components,neighbors
exp_96,24,True,vggish,2,0.8581560283687943,0.9178082191780822,0.8271604938271605,0.8701298701298701,2,3
exp_98,24,True,ised_features,2,0.6595744680851063,0.72,0.6666666666666666,0.6923076923076923,2,3
exp_99,24,False,ised_features,2,0.6241134751773051,0.7058823529411765,0.5925925925925926,0.6442953020134228,2,3
exp_97,24,False,vggish,2,0.8014184397163121,0.8840579710144928,0.7530864197530864,0.8133333333333332,2,3
