name,seed,weights,preprocessor,num_classes,metrics_accuracy_score,metrics_precision,metrics_recall,metrics_f1,pca_components,neighbors
exp_169,28,False,openl3,2,0.9007092198581559,0.8771929824561403,0.8771929824561403,0.8771929824561403,2,3
exp_168,28,True,openl3,2,0.950354609929078,0.9464285714285714,0.9298245614035088,0.9380530973451328,2,3
exp_172,28,True,ised_features,2,0.851063829787234,0.86,0.7543859649122807,0.8037383177570094,2,3
exp_173,28,False,ised_features,2,0.8652482269503546,0.9130434782608696,0.7368421052631579,0.8155339805825242,2,3
exp_171,28,False,vggish,2,0.8652482269503546,0.8518518518518519,0.8070175438596491,0.8288288288288288,2,3
exp_170,28,True,vggish,2,0.9148936170212766,0.8947368421052632,0.8947368421052632,0.8947368421052632,2,3
