name,seed,weights,preprocessor,num_classes,metrics_accuracy_score,metrics_precision,metrics_recall,metrics_f1,pca_components,neighbors
exp_59,14,False,ised_features,2,0.6382978723404256,0.6440677966101694,0.5588235294117647,0.5984251968503937,2,3
exp_57,14,False,vggish,2,0.8156028368794326,0.7763157894736842,0.8676470588235294,0.8194444444444444,2,3
exp_56,14,True,vggish,2,0.8936170212765957,0.8441558441558441,0.9558823529411764,0.8965517241379309,2,3
exp_58,14,True,ised_features,2,0.8723404255319149,0.8472222222222222,0.8970588235294118,0.8714285714285713,2,3
