name,seed,weights,preprocessor,num_classes,metrics_accuracy_score,metrics_precision,metrics_recall,metrics_f1,pca_components,neighbors
exp_281,46,False,ised_features,2,0.8439716312056738,0.9019607843137256,0.7301587301587301,0.8070175438596492,2,3
exp_280,46,True,ised_features,2,0.8581560283687943,0.9215686274509804,0.7460317460317459,0.8245614035087719,2,3
exp_278,46,True,vggish,2,0.9148936170212766,0.9322033898305084,0.873015873015873,0.9016393442622952,2,3
exp_276,46,True,openl3,2,0.9574468085106383,0.9523809523809524,0.9523809523809524,0.9523809523809524,2,3
exp_277,46,False,openl3,2,0.9787234042553192,1.0,0.9523809523809524,0.975609756097561,2,3
exp_279,46,False,vggish,2,0.9148936170212766,0.9473684210526316,0.8571428571428571,0.9,2,3
