name,seed,preprocessor,fischer_reweighting,pca_n_components,classifier,metrics_accuracy_score,metrics_precision,metrics_recall,metrics_f1
exp_200,25,vggish,True,1,knn-3,0.851063829787234,0.8275862068965517,0.9230769230769232,0.8727272727272727
exp_201,25,vggish,True,2,knn-3,0.8156028368794326,0.7888888888888889,0.9102564102564102,0.8452380952380951
exp_202,25,vggish,True,3,knn-3,0.8652482269503546,0.8554216867469879,0.9102564102564102,0.8819875776397516
exp_203,25,vggish,True,4,knn-3,0.8794326241134752,0.8505747126436781,0.9487179487179488,0.8969696969696971
exp_204,25,vggish,False,1,knn-3,0.7446808510638298,0.7282608695652174,0.8589743589743589,0.7882352941176469
exp_205,25,vggish,False,2,knn-3,0.7730496453900709,0.7674418604651163,0.8461538461538461,0.8048780487804877
exp_206,25,vggish,False,3,knn-3,0.8439716312056738,0.8181818181818182,0.9230769230769232,0.8674698795180724
exp_207,25,vggish,False,4,knn-3,0.8581560283687943,0.8372093023255814,0.9230769230769232,0.878048780487805
