name,seed,weights,preprocessor,num_classes,metrics_accuracy_score,metrics_precision,metrics_recall,metrics_f1,pca_components,neighbors
exp_105,17,False,vggish,2,0.9290780141843972,1.0,0.8484848484848485,0.9180327868852458,2,3
exp_102,17,True,openl3,2,0.9219858156028368,0.9365079365079364,0.8939393939393939,0.9147286821705426,2,3
exp_103,17,False,openl3,2,0.8936170212765957,0.9047619047619048,0.8636363636363636,0.8837209302325582,2,3
exp_104,17,True,vggish,2,0.9219858156028368,0.9661016949152542,0.8636363636363636,0.912,2,3
exp_106,17,True,ised_features,2,0.8794326241134752,0.9016393442622952,0.8333333333333334,0.8661417322834646,2,3
exp_107,17,False,ised_features,2,0.8652482269503546,0.912280701754386,0.7878787878787878,0.8455284552845528,2,3
