name,seed,weights,preprocessor,num_classes,metrics_accuracy_score,metrics_precision,metrics_recall,metrics_f1,pca_components,neighbors
exp_66,16,True,ised_features,2,0.8226950354609929,0.8208955223880597,0.8088235294117647,0.8148148148148148,2,3
exp_67,16,False,ised_features,2,0.7092198581560284,0.7076923076923077,0.6764705882352942,0.6917293233082707,2,3
exp_65,16,False,vggish,2,0.8297872340425532,0.8055555555555556,0.8529411764705882,0.8285714285714286,2,3
exp_64,16,True,vggish,2,0.8652482269503546,0.8450704225352113,0.8823529411764706,0.8633093525179857,2,3
