name,seed,weights,preprocessor,num_classes,metrics_accuracy_score,metrics_precision,metrics_recall,metrics_f1,pca_components,neighbors
exp_27,4,False,vggish,2,0.9007092198581559,0.9090909090909092,0.8823529411764706,0.8955223880597014,2,3
exp_29,4,False,ised_features,2,0.8865248226950354,0.9333333333333332,0.8235294117647058,0.8749999999999999,2,3
exp_28,4,True,ised_features,2,0.8865248226950354,0.9333333333333332,0.8235294117647058,0.8749999999999999,2,3
exp_26,4,True,vggish,2,0.8723404255319149,0.8472222222222222,0.8970588235294118,0.8714285714285713,2,3
exp_24,4,True,openl3,2,0.950354609929078,1.0,0.8970588235294118,0.9457364341085271,2,3
exp_25,4,False,openl3,2,0.9432624113475178,0.96875,0.9117647058823528,0.9393939393939394,2,3
