name,seed,weights,preprocessor,num_classes,metrics_accuracy_score,metrics_precision,metrics_recall,metrics_f1,pca_components,neighbors
exp_186,46,True,ised_features,2,0.8368794326241135,0.8636363636363636,0.8028169014084507,0.832116788321168,2,3
exp_187,46,False,ised_features,2,0.7092198581560284,0.7027027027027027,0.7323943661971831,0.7172413793103449,2,3
exp_185,46,False,vggish,2,0.8297872340425532,0.8615384615384616,0.7887323943661971,0.8235294117647058,2,3
exp_184,46,True,vggish,2,0.8723404255319149,0.8840579710144928,0.8591549295774648,0.8714285714285713,2,3
