name,seed,weights,preprocessor,num_classes,metrics_accuracy_score,metrics_precision,metrics_recall,metrics_f1,pca_components,neighbors
exp_158,26,True,vggish,2,0.9432624113475178,0.95,0.9193548387096774,0.9344262295081968,2,3
exp_160,26,True,ised_features,2,0.8581560283687943,0.85,0.8225806451612904,0.8360655737704918,2,3
exp_156,26,True,openl3,2,0.9716312056737588,0.967741935483871,0.967741935483871,0.967741935483871,2,3
exp_157,26,False,openl3,2,0.8226950354609929,0.7846153846153846,0.8225806451612904,0.8031496062992126,2,3
exp_161,26,False,ised_features,2,0.8581560283687943,0.8387096774193549,0.8387096774193549,0.8387096774193549,2,3
exp_159,26,False,vggish,2,0.9574468085106383,1.0,0.9032258064516128,0.9491525423728812,2,3
