name,seed,weights,preprocessor,num_classes,metrics_accuracy_score,metrics_precision,metrics_recall,metrics_f1,pca_components,neighbors
exp_175,29,False,openl3,2,0.9290780141843972,0.8867924528301887,0.9215686274509804,0.903846153846154,2,3
exp_174,29,True,openl3,2,0.9574468085106383,0.9591836734693876,0.9215686274509804,0.94,2,3
exp_178,29,True,ised_features,2,0.8581560283687943,0.8039215686274509,0.8039215686274509,0.8039215686274509,2,3
exp_176,29,True,vggish,2,0.8865248226950354,0.8070175438596491,0.9019607843137256,0.8518518518518519,2,3
exp_177,29,False,vggish,2,0.8794326241134752,0.8269230769230769,0.8431372549019608,0.8349514563106797,2,3
exp_179,29,False,ised_features,2,0.8652482269503546,0.82,0.8039215686274509,0.8118811881188118,2,3
