name,seed,weights,preprocessor,num_classes,metrics_accuracy_score,metrics_precision,metrics_recall,metrics_f1,pca_components,neighbors
exp_210,35,True,openl3,2,0.9574468085106383,0.9710144927536232,0.943661971830986,0.9571428571428572,2,3
exp_211,35,False,openl3,2,0.9007092198581559,0.88,0.9295774647887324,0.9041095890410958,2,3
exp_213,35,False,vggish,2,0.9007092198581559,0.8904109589041096,0.9154929577464788,0.9027777777777778,2,3
exp_214,35,True,ised_features,2,0.8794326241134752,0.8375,0.943661971830986,0.8874172185430463,2,3
exp_215,35,False,ised_features,2,0.8723404255319149,0.8354430379746836,0.9295774647887324,0.88,2,3
exp_212,35,True,vggish,2,0.9078014184397164,0.8918918918918919,0.9295774647887324,0.9103448275862068,2,3
