name,seed,weights,preprocessor,num_classes,metrics_accuracy_score,metrics_precision,metrics_recall,metrics_f1,pca_components,neighbors
exp_54,13,True,ised_features,2,0.7943262411347518,0.7916666666666666,0.6666666666666666,0.7238095238095237,2,3
exp_53,13,False,vggish,2,0.8156028368794326,0.7540983606557377,0.8070175438596491,0.7796610169491526,2,3
exp_52,13,True,vggish,2,0.9007092198581559,0.9215686274509804,0.8245614035087719,0.8703703703703703,2,3
exp_55,13,False,ised_features,2,0.6524822695035462,0.5740740740740741,0.543859649122807,0.5585585585585585,2,3
