name,seed,weights,preprocessor,num_classes,metrics_accuracy_score,metrics_precision,metrics_recall,metrics_f1,pca_components,neighbors
exp_41,20,False,openl3,2,0.4397163120567376,0.4098360655737705,0.36764705882352944,0.3875968992248062,2,3
exp_40,20,True,openl3,2,0.4609929078014184,0.43333333333333335,0.38235294117647056,0.40625,2,3
