name,seed,weights,preprocessor,num_classes,metrics_accuracy_score,metrics_precision,metrics_recall,metrics_f1,pca_components,neighbors
exp_205,34,False,openl3,2,0.9078014184397164,0.9433962264150944,0.8333333333333334,0.8849557522123894,2,3
exp_204,34,True,openl3,2,0.9290780141843972,0.9310344827586208,0.9,0.9152542372881356,2,3
exp_206,34,True,vggish,2,0.8794326241134752,0.9215686274509804,0.7833333333333333,0.8468468468468469,2,3
exp_208,34,True,ised_features,2,0.8581560283687943,0.8703703703703703,0.7833333333333333,0.8245614035087719,2,3
exp_209,34,False,ised_features,2,0.8723404255319149,0.903846153846154,0.7833333333333333,0.8392857142857143,2,3
exp_207,34,False,vggish,2,0.8794326241134752,0.9215686274509804,0.7833333333333333,0.8468468468468469,2,3
