name,seed,preprocessor,fischer_reweighting,pca_n_components,classifier,metrics_accuracy_score,metrics_precision,metrics_recall,metrics_f1
exp_80,10,vggish,True,1,knn-3,0.8936170212765957,0.8875,0.922077922077922,0.9044585987261146
exp_81,10,vggish,True,2,knn-3,0.8581560283687943,0.8518518518518519,0.8961038961038961,0.8734177215189873
exp_82,10,vggish,True,3,knn-3,0.8794326241134752,0.8846153846153846,0.8961038961038961,0.8903225806451613
exp_83,10,vggish,True,4,knn-3,0.9007092198581559,0.8987341772151899,0.922077922077922,0.9102564102564102
exp_84,10,vggish,False,1,knn-3,0.7588652482269503,0.7311827956989247,0.8831168831168831,0.7999999999999999
exp_85,10,vggish,False,2,knn-3,0.9148936170212766,0.8735632183908046,0.987012987012987,0.9268292682926828
exp_86,10,vggish,False,3,knn-3,0.8723404255319149,0.8390804597701149,0.948051948051948,0.8902439024390243
exp_87,10,vggish,False,4,knn-3,0.8865248226950354,0.8674698795180723,0.935064935064935,0.9
