name,seed,weights,preprocessor,num_classes,metrics_accuracy_score,metrics_precision,metrics_recall,metrics_f1,pca_components,neighbors
exp_29,7,False,vggish,2,0.8794326241134752,0.8794326241134752,0.8794326241134752,0.8794326241134752,2,3
exp_28,7,True,vggish,2,0.9290780141843972,0.9290780141843972,0.9290780141843972,0.9290780141843972,2,3
exp_31,7,False,ised_features,2,0.6524822695035462,0.6524822695035462,0.6524822695035462,0.6524822695035462,2,3
exp_30,7,True,ised_features,2,0.8581560283687943,0.8581560283687943,0.8581560283687943,0.8581560283687943,2,3
