name,seed,weights,preprocessor,num_classes,metrics_accuracy_score,metrics_precision,metrics_recall,metrics_f1,pca_components,neighbors
exp_167,41,False,ised_features,2,0.7092198581560284,0.7205882352941176,0.6901408450704225,0.7050359712230215,2,3
exp_166,41,True,ised_features,2,0.8297872340425532,0.9433962264150944,0.7042253521126759,0.8064516129032259,2,3
exp_164,41,True,vggish,2,0.9219858156028368,0.9166666666666666,0.9295774647887324,0.9230769230769232,2,3
exp_165,41,False,vggish,2,0.8723404255319149,0.8630136986301371,0.8873239436619719,0.875,2,3
