name,seed,weights,preprocessor,num_classes,metrics_accuracy_score,metrics_precision,metrics_recall,metrics_f1,pca_components,neighbors
exp_139,34,False,ised_features,2,0.6737588652482269,0.6619718309859155,0.6811594202898551,0.6714285714285715,2,3
exp_137,34,False,vggish,2,0.8865248226950354,0.9076923076923076,0.855072463768116,0.8805970149253731,2,3
exp_136,34,True,vggish,2,0.8865248226950354,0.8955223880597015,0.8695652173913043,0.8823529411764706,2,3
exp_138,34,True,ised_features,2,0.8226950354609929,0.8548387096774194,0.7681159420289855,0.8091603053435115,2,3
