name,seed,preprocessor,fischer_reweighting,pca_n_components,classifier,metrics_accuracy_score,metrics_precision,metrics_recall,metrics_f1
exp_304,38,vggish,True,1,knn-3,0.8794326241134752,0.8918918918918919,0.88,0.8859060402684563
exp_305,38,vggish,True,2,knn-3,0.8865248226950354,0.8831168831168831,0.9066666666666666,0.8947368421052628
exp_306,38,vggish,True,3,knn-3,0.9007092198581559,0.9066666666666666,0.9066666666666666,0.9066666666666666
exp_307,38,vggish,True,4,knn-3,0.9007092198581559,0.9066666666666666,0.9066666666666666,0.9066666666666666
exp_308,38,vggish,False,1,knn-3,0.7021276595744681,0.7088607594936709,0.7466666666666667,0.7272727272727272
exp_309,38,vggish,False,2,knn-3,0.8439716312056738,0.8732394366197183,0.8266666666666667,0.8493150684931506
exp_310,38,vggish,False,3,knn-3,0.9007092198581559,0.8765432098765432,0.9466666666666668,0.9102564102564102
exp_311,38,vggish,False,4,knn-3,0.8794326241134752,0.8625,0.92,0.8903225806451613
