name,seed,preprocessor,fischer_reweighting,pca_n_components,classifier,metrics_accuracy_score,metrics_precision,metrics_recall,metrics_f1
exp_10,1,openl3-mel128-512-music,True,3,knn-3,0.9361702127659576,0.9444444444444444,0.9315068493150684,0.9379310344827586
exp_11,1,openl3-mel128-512-music,True,3,knn-5,0.9361702127659576,0.9324324324324323,0.9452054794520548,0.9387755102040816
exp_12,1,openl3-mel128-512-music,True,3,knn-7,0.9078014184397164,0.9166666666666666,0.9041095890410958,0.9103448275862068
exp_13,1,openl3-mel128-512-music,True,3,svm-rbf,0.9219858156028368,0.9305555555555556,0.9178082191780822,0.9241379310344828
exp_14,1,openl3-mel128-512-music,True,3,svm-linear,0.9290780141843972,0.92,0.9452054794520548,0.9324324324324323
exp_15,1,openl3-mel128-512-music,True,3,svm-sigmoid,0.9007092198581559,0.9154929577464788,0.8904109589041096,0.9027777777777778
exp_16,1,openl3-mel128-512-music,True,3,svm-poly-1,0.9148936170212766,0.9178082191780822,0.9178082191780822,0.9178082191780822
exp_17,1,openl3-mel128-512-music,True,3,svm-poly-2,0.7163120567375887,0.6774193548387096,0.8630136986301371,0.7590361445783131
exp_18,1,openl3-mel128-512-music,True,3,svm-poly-3,0.9290780141843972,0.92,0.9452054794520548,0.9324324324324323
exp_19,1,openl3-mel128-512-music,True,3,svm-poly-4,0.6950354609929078,0.6470588235294118,0.9041095890410958,0.7542857142857143
