name,seed,weights,preprocessor,num_classes,metrics_accuracy_score,metrics_precision,metrics_recall,metrics_f1,pca_components,neighbors
exp_38,9,True,ised_features,2,0.8794326241134752,0.8794326241134752,0.8794326241134752,0.8794326241134752,2,3
exp_36,9,True,vggish,2,0.8581560283687943,0.8581560283687943,0.8581560283687943,0.8581560283687943,2,3
exp_37,9,False,vggish,2,0.8368794326241135,0.8368794326241135,0.8368794326241135,0.8368794326241135,2,3
exp_39,9,False,ised_features,2,0.6666666666666666,0.6666666666666666,0.6666666666666666,0.6666666666666666,2,3
