name,seed,weights,preprocessor,num_classes,metrics_accuracy_score,metrics_precision,metrics_recall,metrics_f1,pca_components,neighbors
exp_42,7,True,openl3,2,0.9787234042553192,1.0,0.9516129032258064,0.975206611570248,2,3
exp_45,7,False,vggish,2,0.9645390070921984,0.9830508474576272,0.935483870967742,0.9586776859504132,2,3
exp_44,7,True,vggish,2,0.9290780141843972,0.9193548387096774,0.9193548387096774,0.9193548387096774,2,3
exp_43,7,False,openl3,2,0.8936170212765957,0.8983050847457628,0.8548387096774194,0.8760330578512397,2,3
exp_46,7,True,ised_features,2,0.8368794326241135,0.8421052631578947,0.7741935483870968,0.8067226890756302,2,3
exp_47,7,False,ised_features,2,0.8439716312056738,0.8571428571428571,0.7741935483870968,0.8135593220338982,2,3
