name,seed,weights,preprocessor,num_classes,metrics_accuracy_score,metrics_precision,metrics_recall,metrics_f1,pca_components,neighbors
exp_45,11,False,vggish,2,0.9290780141843972,0.9857142857142858,0.8846153846153846,0.9324324324324323,2,3
exp_44,11,True,vggish,2,0.8652482269503546,0.9402985074626866,0.8076923076923077,0.8689655172413794,2,3
exp_46,11,True,ised_features,2,0.8652482269503546,0.9836065573770492,0.7692307692307693,0.8633093525179856,2,3
exp_47,11,False,ised_features,2,0.7588652482269503,0.8055555555555556,0.7435897435897436,0.7733333333333334,2,3
