name,seed,weights,preprocessor,num_classes,metrics_accuracy_score,metrics_precision,metrics_recall,metrics_f1,pca_components,neighbors
exp_169,42,False,vggish,2,0.8014184397163121,0.8771929824561403,0.7042253521126759,0.7812499999999999,2,3
exp_168,42,True,vggish,2,0.8581560283687943,0.8805970149253731,0.8309859154929577,0.8550724637681161,2,3
exp_171,42,False,ised_features,2,0.6737588652482269,0.7192982456140351,0.5774647887323944,0.6406249999999999,2,3
exp_170,42,True,ised_features,2,0.6808510638297872,0.703125,0.6338028169014085,0.6666666666666667,2,3
