name,seed,weights,preprocessor,num_classes,metrics_accuracy_score,metrics_precision,metrics_recall,metrics_f1,pca_components,neighbors
exp_95,23,False,ised_features,2,0.6382978723404256,0.6351351351351351,0.6619718309859155,0.6482758620689655,2,3
exp_92,23,True,vggish,2,0.8794326241134752,0.8857142857142857,0.8732394366197183,0.8794326241134751,2,3
exp_93,23,False,vggish,2,0.9007092198581559,0.9130434782608696,0.8873239436619719,0.9,2,3
exp_94,23,True,ised_features,2,0.8297872340425532,0.821917808219178,0.8450704225352113,0.8333333333333333,2,3
