name,seed,preprocessor,fischer_reweighting,pca_n_components,classifier,metrics_accuracy_score,metrics_precision,metrics_recall,metrics_f1
exp_176,22,vggish,True,1,knn-3,0.8794326241134752,0.9571428571428572,0.8271604938271605,0.8874172185430464
exp_177,22,vggish,True,2,knn-3,0.8723404255319149,0.92,0.8518518518518519,0.8846153846153846
exp_178,22,vggish,True,3,knn-3,0.9148936170212766,0.96,0.8888888888888888,0.923076923076923
exp_179,22,vggish,True,4,knn-3,0.9007092198581559,0.935064935064935,0.8888888888888888,0.9113924050632912
exp_180,22,vggish,False,1,knn-3,0.7092198581560284,0.8333333333333334,0.6172839506172839,0.7092198581560284
exp_181,22,vggish,False,2,knn-3,0.8865248226950354,0.9452054794520548,0.8518518518518519,0.8961038961038961
exp_182,22,vggish,False,3,knn-3,0.8652482269503546,0.9305555555555556,0.8271604938271605,0.8758169934640523
exp_183,22,vggish,False,4,knn-3,0.8865248226950354,0.9452054794520548,0.8518518518518519,0.8961038961038961
