name,seed,weights,preprocessor,num_classes,metrics_accuracy_score,metrics_precision,metrics_recall,metrics_f1,pca_components,neighbors
exp_119,19,False,ised_features,2,0.8723404255319149,0.8688524590163934,0.8412698412698413,0.8548387096774194,2,3
exp_117,19,False,vggish,2,0.9007092198581559,0.8769230769230769,0.9047619047619048,0.890625,2,3
exp_116,19,True,vggish,2,0.9219858156028368,0.9193548387096774,0.9047619047619048,0.912,2,3
exp_118,19,True,ised_features,2,0.8794326241134752,0.8833333333333333,0.8412698412698413,0.8617886178861788,2,3
exp_114,19,True,openl3,2,0.9716312056737588,0.953846153846154,0.984126984126984,0.96875,2,3
exp_115,19,False,openl3,2,0.9078014184397164,0.8676470588235294,0.9365079365079364,0.900763358778626,2,3
