name,seed,weights,preprocessor,num_classes,metrics_accuracy_score,metrics_precision,metrics_recall,metrics_f1,pca_components,neighbors
exp_20,5,True,vggish,2,0.851063829787234,0.851063829787234,0.851063829787234,0.8510638297872339,2,3
exp_21,5,False,vggish,2,0.8226950354609929,0.8226950354609929,0.8226950354609929,0.8226950354609928,2,3
exp_23,5,False,ised_features,2,0.6312056737588653,0.6312056737588653,0.6312056737588653,0.6312056737588653,2,3
exp_22,5,True,ised_features,2,0.8368794326241135,0.8368794326241135,0.8368794326241135,0.8368794326241135,2,3
