name,seed,weights,preprocessor,num_classes,metrics_accuracy_score,metrics_precision,metrics_recall,metrics_f1,pca_components,neighbors
exp_18,4,True,ised_features,2,0.7943262411347518,0.8870967741935484,0.7142857142857143,0.7913669064748201,2,3
exp_16,4,True,vggish,2,0.8652482269503546,0.8625,0.8961038961038961,0.8789808917197451,2,3
exp_17,4,False,vggish,2,0.8439716312056738,0.8767123287671232,0.8311688311688312,0.8533333333333334,2,3
exp_19,4,False,ised_features,2,0.7375886524822695,0.7941176470588235,0.7012987012987013,0.7448275862068966,2,3
