name,seed,weights,preprocessor,num_classes,metrics_accuracy_score,metrics_precision,metrics_recall,metrics_f1,pca_components,neighbors
exp_29,7,False,vggish,2,0.8794326241134752,0.8194444444444444,0.9365079365079364,0.874074074074074,2,3
exp_28,7,True,vggish,2,0.9290780141843972,0.8955223880597015,0.9523809523809524,0.923076923076923,2,3
exp_31,7,False,ised_features,2,0.6524822695035462,0.6029411764705882,0.6507936507936508,0.6259541984732825,2,3
exp_30,7,True,ised_features,2,0.8581560283687943,0.8307692307692308,0.8571428571428571,0.84375,2,3
