name,seed,weights,preprocessor,num_classes,metrics_accuracy_score,metrics_precision,metrics_recall,metrics_f1,pca_components,neighbors
exp_12,6,True,openl3,2,0.5460992907801419,0.5949367088607594,0.5949367088607594,0.5949367088607594,2,3
exp_13,6,False,openl3,2,0.5390070921985816,0.5875,0.5949367088607594,0.5911949685534591,2,3
