name,seed,weights,preprocessor,num_classes,metrics_accuracy_score,metrics_precision,metrics_recall,metrics_f1,pca_components,neighbors
exp_50,8,True,vggish,2,0.9078014184397164,0.90625,0.8923076923076924,0.8992248062015504,2,3
exp_51,8,False,vggish,2,0.9007092198581559,0.918032786885246,0.8615384615384616,0.8888888888888888,2,3
exp_48,8,True,openl3,2,0.9574468085106383,0.9682539682539684,0.9384615384615383,0.953125,2,3
exp_49,8,False,openl3,2,0.9290780141843972,0.8985507246376812,0.953846153846154,0.9253731343283582,2,3
exp_53,8,False,ised_features,2,0.8865248226950354,0.9298245614035088,0.8153846153846154,0.8688524590163934,2,3
exp_52,8,True,ised_features,2,0.8794326241134752,0.8870967741935484,0.8461538461538461,0.8661417322834646,2,3
