name,seed,weights,preprocessor,num_classes,metrics_accuracy_score,metrics_precision,metrics_recall,metrics_f1,pca_components,neighbors
exp_181,30,False,openl3,2,0.8723404255319149,0.9,0.8181818181818182,0.8571428571428572,2,3
exp_180,30,True,openl3,2,0.9148936170212766,0.8970588235294118,0.9242424242424242,0.9104477611940298,2,3
exp_185,30,False,ised_features,2,0.9290780141843972,0.9375,0.9090909090909092,0.923076923076923,2,3
exp_182,30,True,vggish,2,0.9148936170212766,0.95,0.8636363636363636,0.9047619047619048,2,3
exp_183,30,False,vggish,2,0.8865248226950354,0.890625,0.8636363636363636,0.8769230769230768,2,3
exp_184,30,True,ised_features,2,0.8936170212765957,0.8805970149253731,0.8939393939393939,0.887218045112782,2,3
