name,seed,weights,preprocessor,num_classes,metrics_accuracy_score,metrics_precision,metrics_recall,metrics_f1,pca_components,neighbors
exp_128,32,True,vggish,2,0.9078014184397164,0.927536231884058,0.8888888888888888,0.9078014184397164,2,3
exp_129,32,False,vggish,2,0.8297872340425532,0.8428571428571429,0.8194444444444444,0.8309859154929577,2,3
exp_130,32,True,ised_features,2,0.7943262411347518,0.8208955223880597,0.7638888888888888,0.7913669064748201,2,3
exp_131,32,False,ised_features,2,0.7234042553191491,0.746268656716418,0.6944444444444444,0.7194244604316546,2,3
