name,seed,preprocessor,fischer_reweighting,pca_n_components,classifier,metrics_accuracy_score,metrics_precision,metrics_recall,metrics_f1
exp_16,2,vggish,True,1,knn-3,0.9007092198581559,0.8860759493670886,0.9333333333333332,0.9090909090909092
exp_17,2,vggish,True,2,knn-3,0.8865248226950354,0.9041095890410958,0.88,0.8918918918918919
exp_18,2,vggish,True,3,knn-3,0.9148936170212766,0.943661971830986,0.8933333333333333,0.9178082191780824
exp_19,2,vggish,True,4,knn-3,0.9219858156028368,0.9571428571428572,0.8933333333333333,0.9241379310344828
exp_20,2,vggish,False,1,knn-3,0.7234042553191491,0.7727272727272727,0.68,0.7234042553191491
exp_21,2,vggish,False,2,knn-3,0.851063829787234,0.8552631578947368,0.8666666666666667,0.8609271523178809
exp_22,2,vggish,False,3,knn-3,0.9007092198581559,0.9178082191780822,0.8933333333333333,0.9054054054054056
exp_23,2,vggish,False,4,knn-3,0.9078014184397164,0.9305555555555556,0.8933333333333333,0.9115646258503399
