name,seed,weights,preprocessor,num_classes,metrics_accuracy_score,metrics_precision,metrics_recall,metrics_f1,pca_components,neighbors
exp_193,48,False,vggish,2,0.851063829787234,0.8823529411764706,0.821917808219178,0.8510638297872339,2,3
exp_194,48,True,ised_features,2,0.8156028368794326,0.8615384615384616,0.7671232876712328,0.8115942028985507,2,3
exp_195,48,False,ised_features,2,0.6950354609929078,0.6923076923076923,0.7397260273972602,0.7152317880794701,2,3
exp_192,48,True,vggish,2,0.851063829787234,0.8714285714285714,0.8356164383561644,0.8531468531468531,2,3
