name,seed,weights,preprocessor,num_classes,metrics_accuracy_score,metrics_precision,metrics_recall,metrics_f1,pca_components,neighbors
exp_226,37,True,ised_features,2,0.8936170212765957,0.8888888888888888,0.8421052631578947,0.8648648648648649,2,3
exp_227,37,False,ised_features,2,0.9007092198581559,0.9215686274509804,0.8245614035087719,0.8703703703703703,2,3
exp_222,37,True,openl3,2,0.9929078014184396,1.0,0.9824561403508772,0.991150442477876,2,3
exp_225,37,False,vggish,2,0.9432624113475178,0.9152542372881356,0.9473684210526316,0.9310344827586206,2,3
exp_224,37,True,vggish,2,0.9432624113475178,0.9803921568627452,0.8771929824561403,0.925925925925926,2,3
exp_223,37,False,openl3,2,0.9716312056737588,0.9491525423728814,0.9824561403508772,0.9655172413793104,2,3
