name,seed,preprocessor,fischer_reweighting,pca_n_components,classifier,metrics_accuracy_score,metrics_precision,metrics_recall,metrics_f1
exp_392,49,vggish,True,1,knn-3,0.8439716312056738,0.8309859154929577,0.855072463768116,0.8428571428571429
exp_393,49,vggish,True,2,knn-3,0.851063829787234,0.8428571428571429,0.855072463768116,0.8489208633093526
exp_394,49,vggish,True,3,knn-3,0.851063829787234,0.8243243243243243,0.8840579710144928,0.853146853146853
exp_395,49,vggish,True,4,knn-3,0.8865248226950354,0.8533333333333334,0.927536231884058,0.8888888888888891
exp_396,49,vggish,False,1,knn-3,0.6879432624113475,0.6623376623376623,0.7391304347826086,0.6986301369863014
exp_397,49,vggish,False,2,knn-3,0.8936170212765957,0.875,0.9130434782608696,0.8936170212765957
exp_398,49,vggish,False,3,knn-3,0.8368794326241135,0.8285714285714286,0.8405797101449275,0.8345323741007195
exp_399,49,vggish,False,4,knn-3,0.8936170212765957,0.8648648648648649,0.927536231884058,0.8951048951048951
