name,seed,weights,preprocessor,num_classes,metrics_accuracy_score,metrics_precision,metrics_recall,metrics_f1,pca_components,neighbors
exp_139,34,False,ised_features,2,0.7163120567375887,0.7042253521126759,0.7246376811594203,0.7142857142857142,2,3
exp_137,34,False,vggish,2,0.8936170212765957,0.935483870967742,0.8405797101449275,0.8854961832061068,2,3
exp_136,34,True,vggish,2,0.9078014184397164,0.9242424242424242,0.8840579710144928,0.9037037037037036,2,3
exp_138,34,True,ised_features,2,0.8723404255319149,0.8805970149253731,0.855072463768116,0.8676470588235295,2,3
