name,seed,preprocessor,fischer_reweighting,pca_n_components,classifier,metrics_accuracy_score,metrics_precision,metrics_recall,metrics_f1
exp_152,19,vggish,True,1,knn-3,0.8652482269503546,0.8823529411764706,0.8450704225352113,0.8633093525179857
exp_153,19,vggish,True,2,knn-3,0.8581560283687943,0.84,0.8873239436619719,0.8630136986301371
exp_154,19,vggish,True,3,knn-3,0.8723404255319149,0.8955223880597015,0.8450704225352113,0.8695652173913043
exp_155,19,vggish,True,4,knn-3,0.8936170212765957,0.9242424242424242,0.8591549295774648,0.8905109489051095
exp_156,19,vggish,False,1,knn-3,0.7163120567375887,0.6781609195402298,0.8309859154929577,0.7468354430379747
exp_157,19,vggish,False,2,knn-3,0.8723404255319149,0.8732394366197183,0.8732394366197183,0.8732394366197183
exp_158,19,vggish,False,3,knn-3,0.8794326241134752,0.8970588235294118,0.8591549295774648,0.8776978417266187
exp_159,19,vggish,False,4,knn-3,0.8936170212765957,0.9375,0.8450704225352113,0.8888888888888888
