name,seed,weights,preprocessor,num_classes,metrics_accuracy_score,metrics_precision,metrics_recall,metrics_f1,pca_components,neighbors
exp_101,16,False,ised_features,2,0.9290780141843972,0.9206349206349206,0.9206349206349206,0.9206349206349206,2,3
exp_100,16,True,ised_features,2,0.9219858156028368,0.9193548387096774,0.9047619047619048,0.912,2,3
exp_96,16,True,openl3,2,0.9787234042553192,1.0,0.9523809523809524,0.975609756097561,2,3
exp_98,16,True,vggish,2,0.9432624113475178,0.9661016949152542,0.9047619047619048,0.9344262295081968,2,3
exp_99,16,False,vggish,2,0.9148936170212766,0.9322033898305084,0.873015873015873,0.9016393442622952,2,3
exp_97,16,False,openl3,2,0.9007092198581559,0.9152542372881356,0.8571428571428571,0.8852459016393444,2,3
