name,seed,preprocessor,fischer_reweighting,pca_n_components,classifier,metrics_accuracy_score,metrics_precision,metrics_recall,metrics_f1
exp_296,37,vggish,True,1,knn-3,0.8865248226950354,0.8676470588235294,0.8939393939393939,0.8805970149253731
exp_297,37,vggish,True,2,knn-3,0.8794326241134752,0.8356164383561644,0.9242424242424242,0.8776978417266188
exp_298,37,vggish,True,3,knn-3,0.8794326241134752,0.8769230769230769,0.8636363636363636,0.8702290076335878
exp_299,37,vggish,True,4,knn-3,0.9007092198581559,0.8714285714285714,0.9242424242424242,0.8970588235294117
exp_300,37,vggish,False,1,knn-3,0.8368794326241135,0.8115942028985508,0.8484848484848485,0.8296296296296296
exp_301,37,vggish,False,2,knn-3,0.8936170212765957,0.8923076923076924,0.8787878787878788,0.8854961832061069
exp_302,37,vggish,False,3,knn-3,0.8936170212765957,0.8591549295774648,0.9242424242424242,0.8905109489051095
exp_303,37,vggish,False,4,knn-3,0.9078014184397164,0.8732394366197183,0.9393939393939394,0.9051094890510948
