name,seed,weights,preprocessor,num_classes,metrics_accuracy_score,metrics_precision,metrics_recall,metrics_f1,pca_components,neighbors
exp_89,14,False,ised_features,2,0.8794326241134752,0.8305084745762712,0.875,0.8521739130434782,2,3
exp_87,14,False,vggish,2,0.8936170212765957,0.8727272727272727,0.8571428571428571,0.8648648648648648,2,3
exp_86,14,True,vggish,2,0.9219858156028368,0.9090909090909092,0.8928571428571429,0.9009009009009008,2,3
exp_88,14,True,ised_features,2,0.8794326241134752,0.7910447761194029,0.9464285714285714,0.8617886178861788,2,3
exp_84,14,True,openl3,2,0.9361702127659576,0.9433962264150944,0.8928571428571429,0.9174311926605504,2,3
exp_85,14,False,openl3,2,0.9078014184397164,0.9387755102040816,0.8214285714285714,0.8761904761904763,2,3
