name,seed,weights,preprocessor,num_classes,metrics_accuracy_score,metrics_precision,metrics_recall,metrics_f1,pca_components,neighbors
exp_251,41,False,ised_features,2,0.8581560283687943,0.9090909090909092,0.7692307692307693,0.8333333333333333,2,3
exp_250,41,True,ised_features,2,0.8652482269503546,0.925925925925926,0.7692307692307693,0.8403361344537816,2,3
exp_247,41,False,openl3,2,0.9219858156028368,0.935483870967742,0.8923076923076924,0.9133858267716536,2,3
exp_249,41,False,vggish,2,0.9432624113475178,0.9830508474576272,0.8923076923076924,0.935483870967742,2,3
exp_248,41,True,vggish,2,0.9219858156028368,0.95,0.8769230769230769,0.912,2,3
exp_246,41,True,openl3,2,0.9645390070921984,0.9545454545454546,0.9692307692307692,0.9618320610687022,2,3
