name,seed,preprocessor,fischer_reweighting,pca_n_components,classifier,metrics_accuracy_score,metrics_precision,metrics_recall,metrics_f1
exp_64,8,vggish,True,1,knn-3,0.8794326241134752,0.851063829787234,0.9638554216867472,0.9039548022598872
exp_65,8,vggish,True,2,knn-3,0.9078014184397164,0.8723404255319149,0.9879518072289156,0.9265536723163844
exp_66,8,vggish,True,3,knn-3,0.8936170212765957,0.8695652173913043,0.9638554216867472,0.9142857142857144
exp_67,8,vggish,True,4,knn-3,0.9078014184397164,0.8888888888888888,0.9638554216867472,0.9248554913294798
exp_68,8,vggish,False,1,knn-3,0.8297872340425532,0.8241758241758241,0.9036144578313252,0.8620689655172414
exp_69,8,vggish,False,2,knn-3,0.8936170212765957,0.8617021276595744,0.9759036144578314,0.9152542372881356
exp_70,8,vggish,False,3,knn-3,0.8936170212765957,0.8777777777777778,0.9518072289156626,0.9132947976878611
exp_71,8,vggish,False,4,knn-3,0.8794326241134752,0.8666666666666667,0.9397590361445785,0.9017341040462428
