name,seed,weights,preprocessor,num_classes,metrics_accuracy_score,metrics_precision,metrics_recall,metrics_f1,pca_components,neighbors
exp_113,28,False,vggish,2,0.8226950354609929,0.7719298245614035,0.7857142857142857,0.7787610619469025,2,3
exp_114,28,True,ised_features,2,0.6879432624113475,0.603448275862069,0.625,0.6140350877192983,2,3
exp_115,28,False,ised_features,2,0.7163120567375887,0.6333333333333333,0.6785714285714286,0.6551724137931035,2,3
exp_112,28,True,vggish,2,0.851063829787234,0.7966101694915254,0.8392857142857143,0.8173913043478261,2,3
