name,seed,weights,preprocessor,num_classes,metrics_accuracy_score,metrics_precision,metrics_recall,metrics_f1,pca_components,neighbors
exp_143,23,False,ised_features,2,0.8865248226950354,0.86,0.8269230769230769,0.8431372549019608,2,3
exp_142,23,True,ised_features,2,0.8794326241134752,0.8301886792452831,0.8461538461538461,0.8380952380952382,2,3
exp_139,23,False,openl3,2,0.9290780141843972,0.875,0.9423076923076924,0.9074074074074072,2,3
exp_138,23,True,openl3,2,0.9645390070921984,0.979591836734694,0.9230769230769232,0.9504950495049506,2,3
exp_140,23,True,vggish,2,0.9290780141843972,0.8888888888888888,0.9230769230769232,0.9056603773584906,2,3
exp_141,23,False,vggish,2,0.950354609929078,0.9245283018867924,0.9423076923076924,0.9333333333333332,2,3
