name,seed,weights,preprocessor,num_classes,metrics_accuracy_score,metrics_precision,metrics_recall,metrics_f1,pca_components,neighbors
exp_80,13,True,vggish,2,0.8936170212765957,0.8518518518518519,0.8679245283018868,0.8598130841121496,2,3
exp_81,13,False,vggish,2,0.9219858156028368,0.903846153846154,0.8867924528301887,0.8952380952380953,2,3
exp_79,13,False,openl3,2,0.9290780141843972,0.9387755102040816,0.8679245283018868,0.9019607843137256,2,3
exp_83,13,False,ised_features,2,0.8439716312056738,0.7818181818181819,0.8113207547169812,0.7962962962962964,2,3
exp_82,13,True,ised_features,2,0.8368794326241135,0.7777777777777778,0.7924528301886793,0.7850467289719626,2,3
exp_78,13,True,openl3,2,0.9574468085106383,0.9272727272727272,0.9622641509433962,0.9444444444444444,2,3
