name,seed,preprocessor,fischer_reweighting,pca_n_components,classifier,metrics_accuracy_score,metrics_precision,metrics_recall,metrics_f1
exp_56,7,vggish,True,1,knn-3,0.9219858156028368,0.8918918918918919,0.9565217391304348,0.9230769230769232
exp_57,7,vggish,True,2,knn-3,0.8794326241134752,0.8823529411764706,0.8695652173913043,0.8759124087591241
exp_58,7,vggish,True,3,knn-3,0.9219858156028368,0.9142857142857144,0.927536231884058,0.920863309352518
exp_59,7,vggish,True,4,knn-3,0.9007092198581559,0.8767123287671232,0.927536231884058,0.9014084507042252
exp_60,7,vggish,False,1,knn-3,0.6808510638297872,0.6428571428571429,0.7826086956521741,0.7058823529411765
exp_61,7,vggish,False,2,knn-3,0.8226950354609929,0.775,0.8985507246376812,0.8322147651006713
exp_62,7,vggish,False,3,knn-3,0.9219858156028368,0.8815789473684209,0.9710144927536232,0.9241379310344828
exp_63,7,vggish,False,4,knn-3,0.9361702127659576,0.9054054054054054,0.9710144927536232,0.937062937062937
