name,seed,weights,preprocessor,num_classes,metrics_accuracy_score,metrics_precision,metrics_recall,metrics_f1,pca_components,neighbors
exp_23,11,False,openl3,2,0.5886524822695035,0.6041666666666666,0.7435897435897436,0.6666666666666667,2,3
exp_22,11,True,openl3,2,0.5815602836879432,0.6,0.7307692307692307,0.6589595375722542,2,3
