name,seed,weights,preprocessor,num_classes,metrics_accuracy_score,metrics_precision,metrics_recall,metrics_f1,pca_components,neighbors
exp_11,5,False,openl3,2,0.5744680851063829,0.5441176470588235,0.5606060606060606,0.5522388059701493,2,3
exp_10,5,True,openl3,2,0.5531914893617021,0.5211267605633803,0.5606060606060606,0.5401459854014597,2,3
