name,seed,preprocessor,fischer_reweighting,pca_n_components,classifier,metrics_accuracy_score,metrics_precision,metrics_recall,metrics_f1
exp_264,33,vggish,True,1,knn-3,0.9007092198581559,0.8985507246376812,0.8985507246376812,0.8985507246376812
exp_265,33,vggish,True,2,knn-3,0.9219858156028368,0.953125,0.8840579710144928,0.9172932330827068
exp_266,33,vggish,True,3,knn-3,0.9007092198581559,0.9661016949152542,0.8260869565217391,0.890625
exp_267,33,vggish,True,4,knn-3,0.9007092198581559,0.9230769230769232,0.8695652173913043,0.8955223880597014
exp_268,33,vggish,False,1,knn-3,0.7375886524822695,0.7580645161290323,0.6811594202898551,0.7175572519083969
exp_269,33,vggish,False,2,knn-3,0.8085106382978723,0.828125,0.7681159420289855,0.7969924812030075
exp_270,33,vggish,False,3,knn-3,0.8936170212765957,0.9354838709677421,0.8405797101449275,0.8854961832061068
exp_271,33,vggish,False,4,knn-3,0.8936170212765957,0.9090909090909092,0.8695652173913043,0.8888888888888891
