name,seed,weights,preprocessor,num_classes,metrics_accuracy_score,metrics_precision,metrics_recall,metrics_f1,pca_components,neighbors
exp_27,6,False,ised_features,2,0.7092198581560284,0.7108433734939759,0.7763157894736842,0.7421383647798742,2,3
exp_26,6,True,ised_features,2,0.8581560283687943,0.8783783783783784,0.8552631578947368,0.8666666666666667,2,3
exp_24,6,True,vggish,2,0.8581560283687943,0.8888888888888888,0.8421052631578947,0.8648648648648649,2,3
exp_25,6,False,vggish,2,0.8297872340425532,0.8714285714285714,0.8026315789473685,0.8356164383561644,2,3
