name,seed,preprocessor,fischer_reweighting,pca_n_components,classifier,metrics_accuracy_score,metrics_precision,metrics_recall,metrics_f1
exp_0,0,vggish,True,1,knn-3,0.8723404255319149,0.8852459016393442,0.8307692307692308,0.8571428571428572
exp_1,0,vggish,True,2,knn-3,0.8439716312056738,0.8208955223880597,0.8461538461538461,0.8333333333333334
exp_2,0,vggish,True,3,knn-3,0.8865248226950354,0.8769230769230769,0.8769230769230769,0.8769230769230769
exp_3,0,vggish,True,4,knn-3,0.8936170212765957,0.8472222222222222,0.9384615384615383,0.8905109489051095
exp_4,0,vggish,False,1,knn-3,0.7375886524822695,0.7058823529411765,0.7384615384615385,0.7218045112781954
exp_5,0,vggish,False,2,knn-3,0.851063829787234,0.8235294117647058,0.8615384615384616,0.8421052631578948
exp_6,0,vggish,False,3,knn-3,0.8581560283687943,0.8260869565217391,0.8769230769230769,0.8507462686567164
exp_7,0,vggish,False,4,knn-3,0.8723404255319149,0.8507462686567164,0.8769230769230769,0.8636363636363636
