name,seed,weights,preprocessor,num_classes,metrics_accuracy_score,metrics_precision,metrics_recall,metrics_f1,pca_components,neighbors
exp_121,30,False,vggish,2,0.8156028368794326,0.7746478873239436,0.8461538461538461,0.8088235294117647,2,3
exp_120,30,True,vggish,2,0.8439716312056738,0.8028169014084507,0.8769230769230769,0.8382352941176471,2,3
exp_122,30,True,ised_features,2,0.8226950354609929,0.8225806451612904,0.7846153846153846,0.8031496062992126,2,3
exp_123,30,False,ised_features,2,0.7092198581560284,0.6578947368421053,0.7692307692307693,0.7092198581560285,2,3
