name,seed,weights,preprocessor,num_classes,metrics_accuracy_score,metrics_precision,metrics_recall,metrics_f1,pca_components,neighbors
exp_80,20,True,vggish,2,0.8581560283687943,0.8133333333333334,0.9104477611940298,0.8591549295774649,2,3
exp_81,20,False,vggish,2,0.8297872340425532,0.8524590163934426,0.7761194029850746,0.8124999999999999,2,3
exp_83,20,False,ised_features,2,0.7446808510638298,0.7123287671232876,0.7761194029850746,0.7428571428571429,2,3
exp_82,20,True,ised_features,2,0.9219858156028368,0.9,0.9402985074626866,0.9197080291970804,2,3
