name,seed,preprocessor,fischer_reweighting,pca_n_components,classifier,metrics_accuracy_score,metrics_precision,metrics_recall,metrics_f1
exp_320,40,vggish,True,1,knn-3,0.8865248226950354,0.9,0.875,0.8873239436619719
exp_321,40,vggish,True,2,knn-3,0.9078014184397164,0.9041095890410958,0.9166666666666666,0.9103448275862068
exp_322,40,vggish,True,3,knn-3,0.9219858156028368,0.8961038961038961,0.9583333333333334,0.9261744966442952
exp_323,40,vggish,True,4,knn-3,0.9361702127659576,0.9090909090909092,0.9722222222222222,0.9395973154362416
exp_324,40,vggish,False,1,knn-3,0.7872340425531915,0.7692307692307693,0.8333333333333334,0.8
exp_325,40,vggish,False,2,knn-3,0.8581560283687943,0.8823529411764706,0.8333333333333334,0.8571428571428571
exp_326,40,vggish,False,3,knn-3,0.8723404255319149,0.8552631578947368,0.9027777777777778,0.8783783783783783
exp_327,40,vggish,False,4,knn-3,0.9007092198581559,0.9027777777777778,0.9027777777777778,0.9027777777777778
