name,seed,weights,preprocessor,num_classes,metrics_accuracy_score,metrics_precision,metrics_recall,metrics_f1,pca_components,neighbors
exp_256,42,True,ised_features,2,0.8936170212765957,0.9636363636363636,0.803030303030303,0.8760330578512396,2,3
exp_257,42,False,ised_features,2,0.9007092198581559,0.9642857142857144,0.8181818181818182,0.8852459016393442,2,3
exp_252,42,True,openl3,2,0.9645390070921984,0.9552238805970148,0.9696969696969696,0.962406015037594,2,3
exp_255,42,False,vggish,2,0.8794326241134752,0.855072463768116,0.8939393939393939,0.8740740740740741,2,3
exp_254,42,True,vggish,2,0.9361702127659576,0.9523809523809524,0.9090909090909092,0.9302325581395348,2,3
exp_253,42,False,openl3,2,0.9290780141843972,0.9516129032258064,0.8939393939393939,0.921875,2,3
