name,seed,weights,preprocessor,num_classes,metrics_accuracy_score,metrics_precision,metrics_recall,metrics_f1,pca_components,neighbors
exp_160,40,True,vggish,2,0.851063829787234,0.8961038961038961,0.8414634146341463,0.8679245283018868,2,3
exp_161,40,False,vggish,2,0.7872340425531915,0.8513513513513513,0.7682926829268293,0.8076923076923077,2,3
exp_163,40,False,ised_features,2,0.6950354609929078,0.7468354430379747,0.7195121951219512,0.732919254658385,2,3
exp_162,40,True,ised_features,2,0.7163120567375887,0.7692307692307693,0.7317073170731707,0.7499999999999999,2,3
