name,seed,weights,preprocessor,num_classes,metrics_accuracy_score,metrics_precision,metrics_recall,metrics_f1,pca_components,neighbors
exp_188,47,True,vggish,2,0.9078014184397164,0.9482758620689656,0.8461538461538461,0.8943089430894309,2,3
exp_189,47,False,vggish,2,0.8297872340425532,0.8360655737704918,0.7846153846153846,0.8095238095238095,2,3
exp_190,47,True,ised_features,2,0.8085106382978723,0.8275862068965517,0.7384615384615385,0.7804878048780489,2,3
exp_191,47,False,ised_features,2,0.6666666666666666,0.6451612903225806,0.6153846153846154,0.6299212598425198,2,3
