name,seed,weights,preprocessor,num_classes,metrics_accuracy_score,metrics_precision,metrics_recall,metrics_f1,pca_components,neighbors
exp_73,18,False,vggish,2,0.8226950354609929,0.84375,0.7826086956521741,0.81203007518797,2,3
exp_74,18,True,ised_features,2,0.851063829787234,0.8636363636363636,0.8260869565217391,0.8444444444444444,2,3
exp_75,18,False,ised_features,2,0.6737588652482269,0.6533333333333333,0.7101449275362319,0.6805555555555556,2,3
exp_72,18,True,vggish,2,0.8439716312056738,0.8615384615384616,0.8115942028985508,0.8358208955223879,2,3
