name,seed,weights,preprocessor,num_classes,metrics_accuracy_score,metrics_precision,metrics_recall,metrics_f1,pca_components,neighbors
exp_193,32,False,openl3,2,0.8794326241134752,0.9583333333333334,0.7540983606557377,0.8440366972477064,2,3
exp_194,32,True,vggish,2,0.9432624113475178,0.9491525423728814,0.918032786885246,0.9333333333333332,2,3
exp_195,32,False,vggish,2,0.9290780141843972,0.9636363636363636,0.8688524590163934,0.9137931034482758,2,3
exp_192,32,True,openl3,2,0.9645390070921984,1.0,0.918032786885246,0.9572649572649572,2,3
exp_197,32,False,ised_features,2,0.8723404255319149,0.8771929824561403,0.819672131147541,0.8474576271186439,2,3
exp_196,32,True,ised_features,2,0.8723404255319149,0.8644067796610171,0.8360655737704918,0.85,2,3
