name,seed,weights,preprocessor,num_classes,metrics_accuracy_score,metrics_precision,metrics_recall,metrics_f1,pca_components,neighbors
exp_102,25,True,ised_features,2,0.8156028368794326,0.9285714285714286,0.7027027027027027,0.7999999999999999,2,3
exp_103,25,False,ised_features,2,0.6879432624113475,0.7586206896551724,0.5945945945945946,0.6666666666666667,2,3
exp_101,25,False,vggish,2,0.8652482269503546,0.8873239436619719,0.8513513513513513,0.8689655172413793,2,3
exp_100,25,True,vggish,2,0.8936170212765957,0.8933333333333333,0.9054054054054054,0.8993288590604026,2,3
