name,seed,weights,preprocessor,num_classes,metrics_accuracy_score,metrics_precision,metrics_recall,metrics_f1,pca_components,neighbors
exp_134,22,True,vggish,2,0.9432624113475178,0.918032786885246,0.9491525423728814,0.9333333333333332,2,3
exp_133,22,False,openl3,2,0.9219858156028368,0.9,0.9152542372881356,0.907563025210084,2,3
exp_132,22,True,openl3,2,0.9716312056737588,1.0,0.9322033898305084,0.9649122807017544,2,3
exp_135,22,False,vggish,2,0.9148936170212766,0.912280701754386,0.8813559322033898,0.8965517241379309,2,3
exp_137,22,False,ised_features,2,0.8936170212765957,0.9074074074074074,0.8305084745762712,0.8672566371681415,2,3
exp_136,22,True,ised_features,2,0.8865248226950354,0.8909090909090909,0.8305084745762712,0.8596491228070176,2,3
