name,seed,weights,preprocessor,num_classes,metrics_accuracy_score,metrics_precision,metrics_recall,metrics_f1,pca_components,neighbors
exp_181,45,False,vggish,2,0.851063829787234,0.8311688311688312,0.8888888888888888,0.8590604026845637,2,3
exp_180,45,True,vggish,2,0.8652482269503546,0.8840579710144928,0.8472222222222222,0.8652482269503546,2,3
exp_182,45,True,ised_features,2,0.6950354609929078,0.7164179104477612,0.6666666666666666,0.6906474820143884,2,3
exp_183,45,False,ised_features,2,0.6879432624113475,0.7333333333333333,0.6111111111111112,0.6666666666666666,2,3
