name,seed,preprocessor,fischer_reweighting,pca_n_components,classifier,metrics_accuracy_score,metrics_precision,metrics_recall,metrics_f1
exp_192,24,vggish,True,1,knn-3,0.8297872340425532,0.8641975308641975,0.8433734939759037,0.8536585365853657
exp_193,24,vggish,True,2,knn-3,0.8085106382978723,0.8333333333333334,0.8433734939759037,0.8383233532934132
exp_194,24,vggish,True,3,knn-3,0.8439716312056738,0.8674698795180723,0.8674698795180723,0.8674698795180723
exp_195,24,vggish,True,4,knn-3,0.8794326241134752,0.902439024390244,0.891566265060241,0.8969696969696971
exp_196,24,vggish,False,1,knn-3,0.6595744680851063,0.7160493827160493,0.6987951807228916,0.7073170731707318
exp_197,24,vggish,False,2,knn-3,0.8652482269503546,0.8636363636363636,0.9156626506024096,0.8888888888888888
exp_198,24,vggish,False,3,knn-3,0.8581560283687943,0.8987341772151899,0.8554216867469879,0.8765432098765433
exp_199,24,vggish,False,4,knn-3,0.8794326241134752,0.8837209302325582,0.9156626506024096,0.8994082840236686
