name,seed,weights,preprocessor,num_classes,metrics_accuracy_score,metrics_precision,metrics_recall,metrics_f1,pca_components,neighbors
exp_186,46,True,ised_features,2,0.7234042553191491,0.7424242424242424,0.6901408450704225,0.7153284671532847,2,3
exp_187,46,False,ised_features,2,0.7021276595744681,0.7042253521126759,0.7042253521126759,0.7042253521126759,2,3
exp_185,46,False,vggish,2,0.851063829787234,0.9166666666666666,0.7746478873239436,0.8396946564885496,2,3
exp_184,46,True,vggish,2,0.851063829787234,0.9166666666666666,0.7746478873239436,0.8396946564885496,2,3
