name,seed,preprocessor,fischer_reweighting,pca_n_components,classifier,metrics_accuracy_score,metrics_precision,metrics_recall,metrics_f1
exp_144,18,vggish,True,1,knn-3,0.8297872340425532,0.859375,0.7857142857142857,0.8208955223880597
exp_145,18,vggish,True,2,knn-3,0.8368794326241135,0.8852459016393442,0.7714285714285715,0.8244274809160306
exp_146,18,vggish,True,3,knn-3,0.8723404255319149,0.8939393939393939,0.8428571428571429,0.8676470588235294
exp_147,18,vggish,True,4,knn-3,0.9007092198581559,0.9375,0.8571428571428571,0.8955223880597014
exp_148,18,vggish,False,1,knn-3,0.6950354609929078,0.7368421052631579,0.6,0.6614173228346457
exp_149,18,vggish,False,2,knn-3,0.7872340425531915,0.8225806451612904,0.7285714285714285,0.7727272727272727
exp_150,18,vggish,False,3,knn-3,0.8226950354609929,0.8571428571428571,0.7714285714285715,0.81203007518797
exp_151,18,vggish,False,4,knn-3,0.8723404255319149,0.8939393939393939,0.8428571428571429,0.8676470588235294
