name,seed,preprocessor,fischer_reweighting,pca_n_components,classifier,metrics_accuracy_score,metrics_precision,metrics_recall,metrics_f1
exp_208,26,vggish,True,1,knn-3,0.9148936170212766,0.8933333333333333,0.943661971830986,0.9178082191780824
exp_209,26,vggish,True,2,knn-3,0.8865248226950354,0.8481012658227848,0.943661971830986,0.8933333333333333
exp_210,26,vggish,True,3,knn-3,0.9219858156028368,0.8947368421052632,0.9577464788732394,0.9251700680272108
exp_211,26,vggish,True,4,knn-3,0.9574468085106383,0.9577464788732394,0.9577464788732394,0.9577464788732394
exp_212,26,vggish,False,1,knn-3,0.7234042553191491,0.6951219512195121,0.8028169014084507,0.7450980392156863
exp_213,26,vggish,False,2,knn-3,0.8723404255319149,0.8354430379746836,0.9295774647887324,0.88
exp_214,26,vggish,False,3,knn-3,0.8652482269503546,0.8513513513513513,0.8873239436619719,0.8689655172413793
exp_215,26,vggish,False,4,knn-3,0.8723404255319149,0.8630136986301371,0.8873239436619719,0.875
