name,seed,preprocessor,fischer_reweighting,pca_n_components,classifier,metrics_accuracy_score,metrics_precision,metrics_recall,metrics_f1
exp_72,9,vggish,True,1,knn-3,0.8794326241134752,0.9090909090909092,0.8450704225352113,0.8759124087591241
exp_73,9,vggish,True,2,knn-3,0.8865248226950354,0.9104477611940298,0.8591549295774648,0.8840579710144928
exp_74,9,vggish,True,3,knn-3,0.8652482269503546,0.8823529411764706,0.8450704225352113,0.8633093525179857
exp_75,9,vggish,True,4,knn-3,0.9148936170212766,0.9154929577464788,0.9154929577464788,0.9154929577464788
exp_76,9,vggish,False,1,knn-3,0.7943262411347518,0.7837837837837838,0.8169014084507042,0.8
exp_77,9,vggish,False,2,knn-3,0.8652482269503546,0.8513513513513513,0.8873239436619719,0.8689655172413793
exp_78,9,vggish,False,3,knn-3,0.8723404255319149,0.8630136986301371,0.8873239436619719,0.875
exp_79,9,vggish,False,4,knn-3,0.9148936170212766,0.8933333333333333,0.943661971830986,0.9178082191780824
