name,seed,weights,preprocessor,num_classes,metrics_accuracy_score,metrics_precision,metrics_recall,metrics_f1,pca_components,neighbors
exp_66,16,True,ised_features,2,0.8226950354609929,0.8226950354609929,0.8226950354609929,0.8226950354609928,2,3
exp_67,16,False,ised_features,2,0.7092198581560284,0.7092198581560284,0.7092198581560284,0.7092198581560284,2,3
exp_65,16,False,vggish,2,0.8297872340425532,0.8297872340425532,0.8297872340425532,0.8297872340425532,2,3
exp_64,16,True,vggish,2,0.8652482269503546,0.8652482269503546,0.8652482269503546,0.8652482269503546,2,3
