name,seed,preprocessor,fischer_reweighting,pca_n_components,classifier,metrics_accuracy_score,metrics_precision,metrics_recall,metrics_f1
exp_112,14,vggish,True,1,knn-3,0.8723404255319149,0.9,0.8513513513513513,0.875
exp_113,14,vggish,True,2,knn-3,0.8865248226950354,0.953125,0.8243243243243243,0.8840579710144927
exp_114,14,vggish,True,3,knn-3,0.9007092198581559,0.9545454545454546,0.8513513513513513,0.9
exp_115,14,vggish,True,4,knn-3,0.9007092198581559,0.9545454545454546,0.8513513513513513,0.9
exp_116,14,vggish,False,1,knn-3,0.8368794326241135,0.918032786885246,0.7567567567567568,0.8296296296296297
exp_117,14,vggish,False,2,knn-3,0.9219858156028368,0.9701492537313432,0.8783783783783784,0.9219858156028372
exp_118,14,vggish,False,3,knn-3,0.9007092198581559,0.9545454545454546,0.8513513513513513,0.9
exp_119,14,vggish,False,4,knn-3,0.9148936170212766,0.984375,0.8513513513513513,0.9130434782608696
