name,seed,weights,preprocessor,num_classes,metrics_accuracy_score,metrics_precision,metrics_recall,metrics_f1,pca_components,neighbors
exp_2,0,True,vggish,2,0.8794326241134752,0.873015873015873,0.859375,0.8661417322834646,2,3
exp_5,0,False,ised_features,2,0.9007092198581559,0.890625,0.890625,0.890625,2,3
exp_4,0,True,ised_features,2,0.8723404255319149,0.8382352941176471,0.890625,0.8636363636363636,2,3
exp_3,0,False,vggish,2,0.8652482269503546,0.8358208955223879,0.875,0.8549618320610687,2,3
exp_1,0,False,openl3,2,0.9574468085106383,0.9833333333333332,0.921875,0.9516129032258064,2,3
exp_0,0,True,openl3,2,0.9574468085106383,0.953125,0.953125,0.953125,2,3
