name,seed,weights,preprocessor,num_classes,metrics_accuracy_score,metrics_precision,metrics_recall,metrics_f1,pca_components,neighbors
exp_160,40,True,vggish,2,0.8723404255319149,0.9324324324324323,0.8414634146341463,0.8846153846153847,2,3
exp_161,40,False,vggish,2,0.8865248226950354,0.9230769230769232,0.8780487804878049,0.9,2,3
exp_163,40,False,ised_features,2,0.7163120567375887,0.7692307692307693,0.7317073170731707,0.7499999999999999,2,3
exp_162,40,True,ised_features,2,0.8297872340425532,0.9027777777777778,0.7926829268292683,0.8441558441558441,2,3
