name,seed,weights,preprocessor,num_classes,metrics_accuracy_score,metrics_precision,metrics_recall,metrics_f1,pca_components,neighbors
exp_45,11,False,vggish,2,0.9290780141843972,0.9290780141843972,0.9290780141843972,0.9290780141843972,2,3
exp_44,11,True,vggish,2,0.8652482269503546,0.8652482269503546,0.8652482269503546,0.8652482269503546,2,3
exp_46,11,True,ised_features,2,0.8652482269503546,0.8652482269503546,0.8652482269503546,0.8652482269503546,2,3
exp_47,11,False,ised_features,2,0.7588652482269503,0.7588652482269503,0.7588652482269503,0.7588652482269503,2,3
