name,seed,preprocessor,fischer_reweighting,pca_n_components,classifier,metrics_accuracy_score,metrics_precision,metrics_recall,metrics_f1
exp_224,28,vggish,True,1,knn-3,0.9007092198581559,0.9705882352941176,0.8461538461538461,0.9041095890410958
exp_225,28,vggish,True,2,knn-3,0.9219858156028368,0.9718309859154928,0.8846153846153846,0.9261744966442952
exp_226,28,vggish,True,3,knn-3,0.9219858156028368,0.9466666666666668,0.9102564102564102,0.9281045751633988
exp_227,28,vggish,True,4,knn-3,0.950354609929078,0.9610389610389608,0.9487179487179488,0.9548387096774196
exp_228,28,vggish,False,1,knn-3,0.7375886524822695,0.7971014492753623,0.7051282051282052,0.7482993197278911
exp_229,28,vggish,False,2,knn-3,0.8865248226950354,0.9078947368421052,0.8846153846153846,0.8961038961038961
exp_230,28,vggish,False,3,knn-3,0.8936170212765957,0.9315068493150684,0.8717948717948718,0.9006622516556291
exp_231,28,vggish,False,4,knn-3,0.9078014184397164,0.9577464788732394,0.8717948717948718,0.9127516778523488
