name,seed,weights,preprocessor,num_classes,metrics_accuracy_score,metrics_precision,metrics_recall,metrics_f1,pca_components,neighbors
exp_126,21,True,openl3,2,0.9716312056737588,1.0,0.9344262295081968,0.9661016949152544,2,3
exp_128,21,True,vggish,2,0.9432624113475178,0.9818181818181818,0.8852459016393442,0.9310344827586208,2,3
exp_129,21,False,vggish,2,0.9361702127659576,0.9642857142857144,0.8852459016393442,0.923076923076923,2,3
exp_127,21,False,openl3,2,0.8723404255319149,0.8909090909090909,0.8032786885245902,0.8448275862068965,2,3
exp_130,21,True,ised_features,2,0.8936170212765957,0.9107142857142856,0.8360655737704918,0.8717948717948717,2,3
exp_131,21,False,ised_features,2,0.8865248226950354,0.8813559322033898,0.8524590163934426,0.8666666666666666,2,3
