name,seed,weights,preprocessor,num_classes,metrics_accuracy_score,metrics_precision,metrics_recall,metrics_f1,pca_components,neighbors
exp_27,6,False,ised_features,2,0.7092198581560284,0.7092198581560284,0.7092198581560284,0.7092198581560284,2,3
exp_26,6,True,ised_features,2,0.8581560283687943,0.8581560283687943,0.8581560283687943,0.8581560283687943,2,3
exp_24,6,True,vggish,2,0.8581560283687943,0.8581560283687943,0.8581560283687943,0.8581560283687943,2,3
exp_25,6,False,vggish,2,0.8297872340425532,0.8297872340425532,0.8297872340425532,0.8297872340425532,2,3
