name,seed,weights,preprocessor,num_classes,metrics_accuracy_score,metrics_precision,metrics_recall,metrics_f1,pca_components,neighbors
exp_73,12,False,openl3,2,0.9148936170212766,0.9333333333333332,0.875,0.9032258064516128,2,3
exp_74,12,True,vggish,2,0.9007092198581559,0.8571428571428571,0.9375,0.8955223880597014,2,3
exp_75,12,False,vggish,2,0.8865248226950354,0.875,0.875,0.875,2,3
exp_72,12,True,openl3,2,0.9645390070921984,0.9682539682539684,0.953125,0.9606299212598424,2,3
exp_77,12,False,ised_features,2,0.8652482269503546,0.8571428571428571,0.84375,0.8503937007874015,2,3
exp_76,12,True,ised_features,2,0.8865248226950354,0.9285714285714286,0.8125,0.8666666666666666,2,3
