name,seed,weights,preprocessor,num_classes,metrics_accuracy_score,metrics_precision,metrics_recall,metrics_f1,pca_components,neighbors
exp_42,10,True,ised_features,2,0.8014184397163121,0.8055555555555556,0.8055555555555556,0.8055555555555556,2,3
exp_43,10,False,ised_features,2,0.6312056737588653,0.6190476190476191,0.7222222222222222,0.6666666666666666,2,3
exp_41,10,False,vggish,2,0.8794326241134752,0.8873239436619719,0.875,0.8811188811188809,2,3
exp_40,10,True,vggish,2,0.8581560283687943,0.8714285714285714,0.8472222222222222,0.8591549295774648,2,3
