name,seed,weights,preprocessor,num_classes,metrics_accuracy_score,metrics_precision,metrics_recall,metrics_f1,pca_components,neighbors
exp_188,31,True,vggish,2,0.8652482269503546,0.9016393442622952,0.8088235294117647,0.8527131782945736,2,3
exp_186,31,True,openl3,2,0.950354609929078,1.0,0.8970588235294118,0.9457364341085271,2,3
exp_187,31,False,openl3,2,0.8723404255319149,0.9464285714285714,0.7794117647058824,0.8548387096774193,2,3
exp_189,31,False,vggish,2,0.9007092198581559,0.921875,0.8676470588235294,0.893939393939394,2,3
exp_190,31,True,ised_features,2,0.8794326241134752,0.9322033898305084,0.8088235294117647,0.8661417322834646,2,3
exp_191,31,False,ised_features,2,0.9007092198581559,0.95,0.8382352941176471,0.890625,2,3
