name,seed,weights,preprocessor,num_classes,metrics_accuracy_score,metrics_precision,metrics_recall,metrics_f1,pca_components,neighbors
exp_110,27,True,ised_features,2,0.8014184397163121,0.8431372549019608,0.6825396825396826,0.7543859649122807,2,3
exp_111,27,False,ised_features,2,0.6524822695035462,0.6129032258064516,0.6031746031746031,0.608,2,3
exp_108,27,True,vggish,2,0.9148936170212766,0.9473684210526316,0.8571428571428571,0.9,2,3
exp_109,27,False,vggish,2,0.8652482269503546,0.8793103448275862,0.8095238095238095,0.8429752066115702,2,3
