name,seed,weights,preprocessor,num_classes,metrics_accuracy_score,metrics_precision,metrics_recall,metrics_f1,pca_components,neighbors
exp_178,44,True,ised_features,2,0.8014184397163121,0.8448275862068966,0.7205882352941176,0.7777777777777778,2,3
exp_176,44,True,vggish,2,0.8794326241134752,0.9047619047619048,0.8382352941176471,0.8702290076335878,2,3
exp_177,44,False,vggish,2,0.8865248226950354,0.90625,0.8529411764705882,0.8787878787878787,2,3
exp_179,44,False,ised_features,2,0.6808510638297872,0.7090909090909091,0.5735294117647058,0.6341463414634145,2,3
