name,seed,weights,preprocessor,num_classes,metrics_accuracy_score,metrics_precision,metrics_recall,metrics_f1,pca_components,neighbors
exp_110,27,True,ised_features,2,0.8723404255319149,0.9245283018867924,0.7777777777777778,0.8448275862068966,2,3
exp_111,27,False,ised_features,2,0.7021276595744681,0.6615384615384615,0.6825396825396826,0.671875,2,3
exp_108,27,True,vggish,2,0.9290780141843972,0.9491525423728814,0.8888888888888888,0.9180327868852458,2,3
exp_109,27,False,vggish,2,0.9078014184397164,0.9310344827586208,0.8571428571428571,0.8925619834710743,2,3
