name,seed,weights,preprocessor,num_classes,metrics_accuracy_score,metrics_precision,metrics_recall,metrics_f1,pca_components,neighbors
exp_18,9,True,openl3,2,0.4609929078014184,0.4533333333333333,0.4927536231884058,0.4722222222222222,2,3
exp_19,9,False,openl3,2,0.4893617021276596,0.4805194805194805,0.5362318840579711,0.5068493150684933,2,3
