name,seed,weights,preprocessor,num_classes,metrics_accuracy_score,metrics_precision,metrics_recall,metrics_f1,pca_components,neighbors
exp_11,1,False,ised_features,2,0.8865248226950354,0.9818181818181818,0.7826086956521741,0.8709677419354839,2,3
exp_10,1,True,ised_features,2,0.8865248226950354,0.9818181818181818,0.7826086956521741,0.8709677419354839,2,3
exp_6,1,True,openl3,2,0.950354609929078,0.984375,0.9130434782608696,0.9473684210526316,2,3
exp_8,1,True,vggish,2,0.8936170212765957,0.921875,0.855072463768116,0.887218045112782,2,3
exp_9,1,False,vggish,2,0.8794326241134752,0.8939393939393939,0.855072463768116,0.8740740740740741,2,3
exp_7,1,False,openl3,2,0.9007092198581559,0.9104477611940298,0.8840579710144928,0.8970588235294118,2,3
