name,seed,weights,preprocessor,num_classes,metrics_accuracy_score,metrics_precision,metrics_recall,metrics_f1,pca_components,neighbors
exp_80,20,True,vggish,2,0.8085106382978723,0.803030303030303,0.7910447761194029,0.7969924812030075,2,3
exp_81,20,False,vggish,2,0.8085106382978723,0.7941176470588235,0.8059701492537313,0.8,2,3
exp_83,20,False,ised_features,2,0.6453900709219859,0.5955056179775281,0.7910447761194029,0.6794871794871795,2,3
exp_82,20,True,ised_features,2,0.8226950354609929,0.7763157894736842,0.8805970149253731,0.8251748251748251,2,3
