name,seed,weights,preprocessor,num_classes,metrics_accuracy_score,metrics_precision,metrics_recall,metrics_f1,pca_components,neighbors
exp_89,22,False,vggish,2,0.8368794326241135,0.8368794326241135,0.8368794326241135,0.8368794326241135,2,3
exp_88,22,True,vggish,2,0.8156028368794326,0.8156028368794326,0.8156028368794326,0.8156028368794325,2,3
exp_91,22,False,ised_features,2,0.7234042553191491,0.7234042553191491,0.7234042553191491,0.7234042553191491,2,3
exp_90,22,True,ised_features,2,0.8368794326241135,0.8368794326241135,0.8368794326241135,0.8368794326241135,2,3
