name,seed,weights,preprocessor,num_classes,metrics_accuracy_score,metrics_precision,metrics_recall,metrics_f1,pca_components,neighbors
exp_202,33,True,ised_features,2,0.9078014184397164,0.9107142857142856,0.8644067796610171,0.8869565217391304,2,3
exp_203,33,False,ised_features,2,0.9290780141843972,0.9803921568627452,0.8474576271186439,0.9090909090909091,2,3
exp_199,33,False,openl3,2,0.9361702127659576,0.9310344827586208,0.9152542372881356,0.923076923076923,2,3
exp_198,33,True,openl3,2,0.9716312056737588,0.9824561403508772,0.9491525423728814,0.9655172413793104,2,3
exp_201,33,False,vggish,2,0.950354609929078,1.0,0.8813559322033898,0.936936936936937,2,3
exp_200,33,True,vggish,2,0.9361702127659576,0.9310344827586208,0.9152542372881356,0.923076923076923,2,3
