name,seed,weights,preprocessor,num_classes,metrics_accuracy_score,metrics_precision,metrics_recall,metrics_f1,pca_components,neighbors
exp_121,20,False,openl3,2,0.950354609929078,0.9705882352941176,0.9295774647887324,0.9496402877697842,2,3
exp_120,20,True,openl3,2,0.9716312056737588,1.0,0.943661971830986,0.9710144927536232,2,3
exp_122,20,True,vggish,2,0.9432624113475178,0.9846153846153848,0.9014084507042254,0.9411764705882352,2,3
exp_125,20,False,ised_features,2,0.851063829787234,0.9464285714285714,0.7464788732394366,0.8346456692913385,2,3
exp_124,20,True,ised_features,2,0.8865248226950354,0.9508196721311476,0.8169014084507042,0.8787878787878788,2,3
exp_123,20,False,vggish,2,0.9432624113475178,1.0,0.8873239436619719,0.9402985074626864,2,3
