name,seed,preprocessor,fischer_reweighting,pca_n_components,classifier,metrics_accuracy_score,metrics_precision,metrics_recall,metrics_f1
exp_368,46,vggish,True,1,knn-3,0.851063829787234,0.8666666666666667,0.8,0.8320000000000001
exp_369,46,vggish,True,2,knn-3,0.8723404255319149,0.873015873015873,0.8461538461538461,0.859375
exp_370,46,vggish,True,3,knn-3,0.8936170212765957,0.9032258064516128,0.8615384615384616,0.8818897637795274
exp_371,46,vggish,True,4,knn-3,0.8794326241134752,0.8870967741935484,0.8461538461538461,0.8661417322834646
exp_372,46,vggish,False,1,knn-3,0.7446808510638298,0.7301587301587301,0.7076923076923077,0.7187500000000001
exp_373,46,vggish,False,2,knn-3,0.8652482269503546,0.8833333333333333,0.8153846153846154,0.848
exp_374,46,vggish,False,3,knn-3,0.8794326241134752,0.9137931034482759,0.8153846153846154,0.8617886178861788
exp_375,46,vggish,False,4,knn-3,0.8723404255319149,0.912280701754386,0.8,0.8524590163934427
