name,seed,preprocessor,fischer_reweighting,pca_n_components,classifier,metrics_accuracy_score,metrics_precision,metrics_recall,metrics_f1
exp_168,21,vggish,True,1,knn-3,0.8156028368794326,0.7922077922077922,0.8591549295774648,0.8243243243243243
exp_169,21,vggish,True,2,knn-3,0.8439716312056738,0.855072463768116,0.8309859154929577,0.8428571428571429
exp_170,21,vggish,True,3,knn-3,0.8581560283687943,0.84,0.8873239436619719,0.8630136986301371
exp_171,21,vggish,True,4,knn-3,0.8794326241134752,0.8648648648648649,0.9014084507042254,0.8827586206896552
exp_172,21,vggish,False,1,knn-3,0.7021276595744681,0.7101449275362319,0.6901408450704225,0.7
exp_173,21,vggish,False,2,knn-3,0.8085106382978723,0.8055555555555556,0.8169014084507042,0.8111888111888113
exp_174,21,vggish,False,3,knn-3,0.8297872340425532,0.8309859154929577,0.8309859154929577,0.8309859154929577
exp_175,21,vggish,False,4,knn-3,0.9007092198581559,0.9130434782608696,0.8873239436619719,0.9
