name,seed,weights,preprocessor,num_classes,metrics_accuracy_score,metrics_precision,metrics_recall,metrics_f1,pca_components,neighbors
exp_35,17,False,openl3,2,0.524822695035461,0.5645161290322581,0.4666666666666667,0.5109489051094891,2,3
exp_34,17,True,openl3,2,0.5319148936170213,0.5714285714285714,0.48,0.5217391304347826,2,3
