name,seed,preprocessor,fischer_reweighting,pca_n_components,classifier,metrics_accuracy_score,metrics_precision,metrics_recall,metrics_f1
exp_256,32,vggish,True,1,knn-3,0.8936170212765957,0.8888888888888888,0.8421052631578947,0.8648648648648649
exp_257,32,vggish,True,2,knn-3,0.9148936170212766,0.9591836734693876,0.8245614035087719,0.8867924528301887
exp_258,32,vggish,True,3,knn-3,0.9007092198581559,0.8909090909090909,0.8596491228070176,0.875
exp_259,32,vggish,True,4,knn-3,0.9007092198581559,0.8909090909090909,0.8596491228070176,0.875
exp_260,32,vggish,False,1,knn-3,0.5957446808510638,0.5,0.5789473684210527,0.5365853658536586
exp_261,32,vggish,False,2,knn-3,0.8723404255319149,0.8421052631578947,0.8421052631578947,0.8421052631578947
exp_262,32,vggish,False,3,knn-3,0.8865248226950354,0.9019607843137256,0.8070175438596491,0.8518518518518519
exp_263,32,vggish,False,4,knn-3,0.8794326241134752,0.8448275862068966,0.8596491228070176,0.8521739130434783
