name,seed,weights,preprocessor,num_classes,metrics_accuracy_score,metrics_precision,metrics_recall,metrics_f1,pca_components,neighbors
exp_134,33,True,ised_features,2,0.8439716312056738,0.7857142857142857,0.8870967741935484,0.8333333333333333,2,3
exp_133,33,False,vggish,2,0.8723404255319149,0.84375,0.8709677419354839,0.8571428571428571,2,3
exp_132,33,True,vggish,2,0.9007092198581559,0.8870967741935484,0.8870967741935484,0.8870967741935484,2,3
exp_135,33,False,ised_features,2,0.6595744680851063,0.5833333333333334,0.7903225806451613,0.6712328767123289,2,3
