name,seed,weights,preprocessor,num_classes,metrics_accuracy_score,metrics_precision,metrics_recall,metrics_f1,pca_components,neighbors
exp_32,8,True,vggish,2,0.8865248226950354,0.8865248226950354,0.8865248226950354,0.8865248226950354,2,3
exp_35,8,False,ised_features,2,0.6879432624113475,0.6879432624113475,0.6879432624113475,0.6879432624113475,2,3
exp_34,8,True,ised_features,2,0.851063829787234,0.851063829787234,0.851063829787234,0.8510638297872339,2,3
exp_33,8,False,vggish,2,0.8652482269503546,0.8652482269503546,0.8652482269503546,0.8652482269503546,2,3
