name,seed,weights,preprocessor,num_classes,metrics_accuracy_score,metrics_precision,metrics_recall,metrics_f1,pca_components,neighbors
exp_66,16,True,ised_features,2,0.7588652482269503,0.7741935483870968,0.7058823529411765,0.7384615384615385,2,3
exp_67,16,False,ised_features,2,0.6595744680851063,0.6282051282051282,0.7205882352941176,0.6712328767123287,2,3
exp_65,16,False,vggish,2,0.7872340425531915,0.7567567567567568,0.8235294117647058,0.7887323943661971,2,3
exp_64,16,True,vggish,2,0.8156028368794326,0.8,0.8235294117647058,0.8115942028985507,2,3
