name,seed,weights,preprocessor,num_classes,metrics_accuracy_score,metrics_precision,metrics_recall,metrics_f1,pca_components,neighbors
exp_66,11,True,openl3,2,0.9148936170212766,0.9545454545454546,0.875,0.9130434782608696,2,3
exp_68,11,True,vggish,2,0.8652482269503546,0.8840579710144928,0.8472222222222222,0.8652482269503546,2,3
exp_69,11,False,vggish,2,0.8865248226950354,0.9242424242424242,0.8472222222222222,0.8840579710144927,2,3
exp_67,11,False,openl3,2,0.9007092198581559,0.967741935483871,0.8333333333333334,0.8955223880597015,2,3
exp_70,11,True,ised_features,2,0.8936170212765957,0.9014084507042254,0.8888888888888888,0.8951048951048951,2,3
exp_71,11,False,ised_features,2,0.9078014184397164,0.9154929577464788,0.9027777777777778,0.9090909090909092,2,3
