name,seed,weights,preprocessor,num_classes,metrics_accuracy_score,metrics_precision,metrics_recall,metrics_f1,pca_components,neighbors
exp_32,8,True,vggish,2,0.8723404255319149,0.8405797101449275,0.8923076923076924,0.8656716417910447,2,3
exp_35,8,False,ised_features,2,0.6666666666666666,0.6363636363636364,0.6461538461538462,0.6412213740458016,2,3
exp_34,8,True,ised_features,2,0.75177304964539,0.7083333333333334,0.7846153846153846,0.7445255474452555,2,3
exp_33,8,False,vggish,2,0.851063829787234,0.8333333333333334,0.8461538461538461,0.8396946564885497,2,3
