name,seed,weights,preprocessor,num_classes,metrics_accuracy_score,metrics_precision,metrics_recall,metrics_f1,pca_components,neighbors
exp_38,9,True,ised_features,2,0.7021276595744681,0.7126436781609196,0.7848101265822784,0.7469879518072291,2,3
exp_36,9,True,vggish,2,0.7730496453900709,0.7831325301204819,0.8227848101265823,0.8024691358024693,2,3
exp_37,9,False,vggish,2,0.8226950354609929,0.8552631578947368,0.8227848101265823,0.8387096774193549,2,3
exp_39,9,False,ised_features,2,0.6595744680851063,0.6867469879518072,0.7215189873417721,0.7037037037037036,2,3
