name,seed,preprocessor,fischer_reweighting,pca_n_components,classifier,metrics_accuracy_score,metrics_precision,metrics_recall,metrics_f1
exp_232,29,vggish,True,1,knn-3,0.851063829787234,0.8787878787878788,0.8169014084507042,0.8467153284671534
exp_233,29,vggish,True,2,knn-3,0.8368794326241135,0.875,0.7887323943661971,0.8296296296296297
exp_234,29,vggish,True,3,knn-3,0.8794326241134752,0.921875,0.8309859154929577,0.874074074074074
exp_235,29,vggish,True,4,knn-3,0.9078014184397164,0.9264705882352942,0.8873239436619719,0.906474820143885
exp_236,29,vggish,False,1,knn-3,0.75177304964539,0.78125,0.7042253521126759,0.7407407407407407
exp_237,29,vggish,False,2,knn-3,0.8014184397163121,0.8307692307692308,0.7605633802816901,0.7941176470588235
exp_238,29,vggish,False,3,knn-3,0.8794326241134752,0.8857142857142857,0.8732394366197183,0.8794326241134751
exp_239,29,vggish,False,4,knn-3,0.8794326241134752,0.8648648648648649,0.9014084507042254,0.8827586206896552
