name,seed,weights,preprocessor,num_classes,metrics_accuracy_score,metrics_precision,metrics_recall,metrics_f1,pca_components,neighbors
exp_95,23,False,ised_features,2,0.6382978723404256,0.6382978723404256,0.6382978723404256,0.6382978723404256,2,3
exp_92,23,True,vggish,2,0.8794326241134752,0.8794326241134752,0.8794326241134752,0.8794326241134752,2,3
exp_93,23,False,vggish,2,0.9007092198581559,0.9007092198581559,0.9007092198581559,0.9007092198581559,2,3
exp_94,23,True,ised_features,2,0.8297872340425532,0.8297872340425532,0.8297872340425532,0.8297872340425532,2,3
