name,seed,weights,preprocessor,num_classes,metrics_accuracy_score,metrics_precision,metrics_recall,metrics_f1,pca_components,neighbors
exp_73,18,False,vggish,2,0.7234042553191491,0.7083333333333334,0.7391304347826086,0.7234042553191491,2,3
exp_74,18,True,ised_features,2,0.7730496453900709,0.7846153846153846,0.7391304347826086,0.7611940298507462,2,3
exp_75,18,False,ised_features,2,0.6524822695035462,0.6515151515151515,0.6231884057971014,0.6370370370370371,2,3
exp_72,18,True,vggish,2,0.8297872340425532,0.8461538461538461,0.7971014492753623,0.8208955223880597,2,3
