name,seed,weights,preprocessor,num_classes,metrics_accuracy_score,metrics_precision,metrics_recall,metrics_f1,pca_components,neighbors
exp_178,44,True,ised_features,2,0.6808510638297872,0.6885245901639344,0.6176470588235294,0.6511627906976745,2,3
exp_176,44,True,vggish,2,0.8865248226950354,0.90625,0.8529411764705882,0.8787878787878787,2,3
exp_177,44,False,vggish,2,0.8368794326241135,0.8571428571428571,0.7941176470588235,0.8244274809160305,2,3
exp_179,44,False,ised_features,2,0.6808510638297872,0.6949152542372882,0.6029411764705882,0.6456692913385826,2,3
