name,seed,weights,preprocessor,num_classes,metrics_accuracy_score,metrics_precision,metrics_recall,metrics_f1,pca_components,neighbors
exp_87,21,False,ised_features,2,0.6950354609929078,0.6950354609929078,0.6950354609929078,0.6950354609929078,2,3
exp_86,21,True,ised_features,2,0.8865248226950354,0.8865248226950354,0.8865248226950354,0.8865248226950354,2,3
exp_84,21,True,vggish,2,0.8652482269503546,0.8652482269503546,0.8652482269503546,0.8652482269503546,2,3
exp_85,21,False,vggish,2,0.8865248226950354,0.8865248226950354,0.8865248226950354,0.8865248226950354,2,3
