name,seed,weights,preprocessor,num_classes,metrics_accuracy_score,metrics_precision,metrics_recall,metrics_f1,pca_components,neighbors
exp_152,38,True,vggish,2,0.8581560283687943,0.8589743589743589,0.8815789473684209,0.8701298701298701,2,3
exp_155,38,False,ised_features,2,0.6808510638297872,0.6867469879518072,0.75,0.7169811320754716,2,3
exp_154,38,True,ised_features,2,0.7659574468085106,0.7654320987654321,0.8157894736842105,0.7898089171974522,2,3
exp_153,38,False,vggish,2,0.8014184397163121,0.8870967741935484,0.7236842105263158,0.7971014492753624,2,3
