name,seed,weights,preprocessor,num_classes,metrics_accuracy_score,metrics_precision,metrics_recall,metrics_f1,pca_components,neighbors
exp_193,48,False,vggish,2,0.8865248226950354,0.8904109589041096,0.8904109589041096,0.8904109589041096,2,3
exp_194,48,True,ised_features,2,0.8723404255319149,0.9230769230769232,0.821917808219178,0.8695652173913043,2,3
exp_195,48,False,ised_features,2,0.6666666666666666,0.6547619047619048,0.7534246575342466,0.7006369426751592,2,3
exp_192,48,True,vggish,2,0.9078014184397164,0.9285714285714286,0.8904109589041096,0.9090909090909092,2,3
