name,seed,weights,preprocessor,num_classes,metrics_accuracy_score,metrics_precision,metrics_recall,metrics_f1,pca_components,neighbors
exp_50,12,True,ised_features,2,0.8014184397163121,0.8014184397163121,0.8014184397163121,0.8014184397163121,2,3
exp_51,12,False,ised_features,2,0.7021276595744681,0.7021276595744681,0.7021276595744681,0.7021276595744681,2,3
exp_48,12,True,vggish,2,0.8723404255319149,0.8723404255319149,0.8723404255319149,0.8723404255319149,2,3
exp_49,12,False,vggish,2,0.8652482269503546,0.8652482269503546,0.8652482269503546,0.8652482269503546,2,3
