name,seed,preprocessor,fischer_reweighting,pca_n_components,classifier,metrics_accuracy_score,metrics_precision,metrics_recall,metrics_f1
exp_40,5,vggish,True,1,knn-3,0.8368794326241135,0.8888888888888888,0.7777777777777778,0.8296296296296296
exp_41,5,vggish,True,2,knn-3,0.8439716312056738,0.9032258064516128,0.7777777777777778,0.8358208955223879
exp_42,5,vggish,True,3,knn-3,0.8652482269503546,0.9491525423728814,0.7777777777777778,0.8549618320610687
exp_43,5,vggish,True,4,knn-3,0.8865248226950354,0.9516129032258064,0.8194444444444444,0.8805970149253732
exp_44,5,vggish,False,1,knn-3,0.7801418439716312,0.8253968253968254,0.7222222222222222,0.7703703703703704
exp_45,5,vggish,False,2,knn-3,0.8652482269503546,0.8955223880597015,0.8333333333333334,0.8633093525179857
exp_46,5,vggish,False,3,knn-3,0.8368794326241135,0.8888888888888888,0.7777777777777778,0.8296296296296296
exp_47,5,vggish,False,4,knn-3,0.8794326241134752,0.9230769230769232,0.8333333333333334,0.8759124087591241
