name,seed,weights,preprocessor,num_classes,metrics_accuracy_score,metrics_precision,metrics_recall,metrics_f1,pca_components,neighbors
exp_87,21,False,ised_features,2,0.6950354609929078,0.696969696969697,0.6666666666666666,0.6814814814814815,2,3
exp_86,21,True,ised_features,2,0.8865248226950354,0.9206349206349206,0.8405797101449275,0.8787878787878787,2,3
exp_84,21,True,vggish,2,0.8652482269503546,0.8787878787878788,0.8405797101449275,0.8592592592592593,2,3
exp_85,21,False,vggish,2,0.8865248226950354,0.9206349206349206,0.8405797101449275,0.8787878787878787,2,3
