name,seed,weights,preprocessor,num_classes,metrics_accuracy_score,metrics_precision,metrics_recall,metrics_f1,pca_components,neighbors
exp_267,44,False,vggish,2,0.9148936170212766,0.912280701754386,0.8813559322033898,0.8965517241379309,2,3
exp_269,44,False,ised_features,2,0.8794326241134752,0.903846153846154,0.7966101694915254,0.8468468468468469,2,3
exp_268,44,True,ised_features,2,0.8723404255319149,0.9019607843137256,0.7796610169491526,0.8363636363636364,2,3
exp_266,44,True,vggish,2,0.9290780141843972,0.9622641509433962,0.8644067796610171,0.9107142857142856,2,3
exp_264,44,True,openl3,2,0.9858156028368794,1.0,0.9661016949152542,0.9827586206896552,2,3
exp_265,44,False,openl3,2,0.9290780141843972,0.9298245614035088,0.8983050847457628,0.913793103448276,2,3
