name,seed,weights,preprocessor,num_classes,metrics_accuracy_score,metrics_precision,metrics_recall,metrics_f1,pca_components,neighbors
exp_2,0,True,ised_features,2,0.8085106382978723,0.8307692307692308,0.7714285714285715,0.8,2,3
exp_3,0,False,ised_features,2,0.7092198581560284,0.7101449275362319,0.7,0.7050359712230215,2,3
exp_1,0,False,vggish,2,0.8297872340425532,0.8285714285714286,0.8285714285714286,0.8285714285714286,2,3
exp_0,0,True,vggish,2,0.8581560283687943,0.8676470588235294,0.8428571428571429,0.855072463768116,2,3
