name,seed,preprocessor,fischer_reweighting,pca_n_components,classifier,metrics_accuracy_score,metrics_precision,metrics_recall,metrics_f1
exp_328,41,vggish,True,1,knn-3,0.8652482269503546,0.9682539682539684,0.7820512820512819,0.8652482269503546
exp_329,41,vggish,True,2,knn-3,0.8652482269503546,0.927536231884058,0.8205128205128205,0.870748299319728
exp_330,41,vggish,True,3,knn-3,0.8723404255319149,0.9166666666666666,0.8461538461538461,0.8799999999999999
exp_331,41,vggish,True,4,knn-3,0.8723404255319149,0.9166666666666666,0.8461538461538461,0.8799999999999999
exp_332,41,vggish,False,1,knn-3,0.7943262411347518,0.7951807228915663,0.8461538461538461,0.8198757763975155
exp_333,41,vggish,False,2,knn-3,0.8865248226950354,0.8780487804878049,0.9230769230769232,0.9
exp_334,41,vggish,False,3,knn-3,0.8297872340425532,0.8552631578947368,0.8333333333333334,0.8441558441558442
exp_335,41,vggish,False,4,knn-3,0.8865248226950354,0.8974358974358975,0.8974358974358975,0.8974358974358975
