name,seed,weights,preprocessor,num_classes,metrics_accuracy_score,metrics_precision,metrics_recall,metrics_f1,pca_components,neighbors
exp_175,43,False,ised_features,2,0.6170212765957447,0.6103896103896104,0.6619718309859155,0.6351351351351351,2,3
exp_172,43,True,vggish,2,0.8581560283687943,0.8695652173913043,0.8450704225352113,0.8571428571428571,2,3
exp_173,43,False,vggish,2,0.8368794326241135,0.8870967741935484,0.7746478873239436,0.8270676691729323,2,3
exp_174,43,True,ised_features,2,0.6950354609929078,0.6842105263157895,0.7323943661971831,0.7074829931972789,2,3
