name,seed,weights,preprocessor,num_classes,metrics_accuracy_score,metrics_precision,metrics_recall,metrics_f1,pca_components,neighbors
exp_105,26,False,vggish,2,0.9148936170212766,0.9420289855072465,0.8904109589041096,0.9154929577464788,2,3
exp_104,26,True,vggish,2,0.8936170212765957,0.9264705882352942,0.8630136986301371,0.8936170212765958,2,3
exp_106,26,True,ised_features,2,0.8297872340425532,0.8656716417910447,0.7945205479452054,0.8285714285714286,2,3
exp_107,26,False,ised_features,2,0.6950354609929078,0.6973684210526315,0.726027397260274,0.7114093959731543,2,3
