name,seed,weights,preprocessor,num_classes,metrics_accuracy_score,metrics_precision,metrics_recall,metrics_f1,pca_components,neighbors
exp_38,9,True,ised_features,2,0.8794326241134752,0.9428571428571428,0.8354430379746836,0.8859060402684563,2,3
exp_36,9,True,vggish,2,0.8581560283687943,0.9154929577464788,0.8227848101265823,0.8666666666666667,2,3
exp_37,9,False,vggish,2,0.8368794326241135,0.8783783783783784,0.8227848101265823,0.8496732026143792,2,3
exp_39,9,False,ised_features,2,0.6666666666666666,0.7222222222222222,0.6582278481012658,0.6887417218543045,2,3
