name,seed,weights,preprocessor,num_classes,metrics_accuracy_score,metrics_precision,metrics_recall,metrics_f1,pca_components,neighbors
exp_158,39,True,ised_features,2,0.6808510638297872,0.7619047619047619,0.6153846153846154,0.6808510638297872,2,3
exp_156,39,True,vggish,2,0.8297872340425532,0.875,0.8076923076923077,0.8400000000000001,2,3
exp_157,39,False,vggish,2,0.8794326241134752,0.9066666666666666,0.8717948717948718,0.8888888888888887,2,3
exp_159,39,False,ised_features,2,0.6524822695035462,0.7457627118644068,0.5641025641025641,0.6423357664233577,2,3
