name,seed,preprocessor,fischer_reweighting,pca_n_components,classifier,metrics_accuracy_score,metrics_precision,metrics_recall,metrics_f1
exp_344,43,vggish,True,1,knn-3,0.8794326241134752,0.8888888888888888,0.8767123287671232,0.8827586206896552
exp_345,43,vggish,True,2,knn-3,0.9078014184397164,0.8846153846153846,0.9452054794520548,0.913907284768212
exp_346,43,vggish,True,3,knn-3,0.9290780141843972,0.9315068493150684,0.9315068493150684,0.9315068493150684
exp_347,43,vggish,True,4,knn-3,0.8652482269503546,0.8375,0.9178082191780822,0.8758169934640524
exp_348,43,vggish,False,1,knn-3,0.75177304964539,0.7794117647058824,0.726027397260274,0.75177304964539
exp_349,43,vggish,False,2,knn-3,0.9078014184397164,0.9545454545454546,0.8630136986301371,0.906474820143885
exp_350,43,vggish,False,3,knn-3,0.9219858156028368,0.9305555555555556,0.9178082191780822,0.9241379310344828
exp_351,43,vggish,False,4,knn-3,0.9219858156028368,0.9305555555555556,0.9178082191780822,0.9241379310344828
