name,seed,preprocessor,fischer_reweighting,pca_n_components,classifier,metrics_accuracy_score,metrics_precision,metrics_recall,metrics_f1
exp_360,45,vggish,True,1,knn-3,0.8723404255319149,0.8701298701298701,0.8933333333333333,0.8815789473684209
exp_361,45,vggish,True,2,knn-3,0.8794326241134752,0.9142857142857144,0.8533333333333334,0.8827586206896552
exp_362,45,vggish,True,3,knn-3,0.8936170212765957,0.9411764705882352,0.8533333333333334,0.8951048951048952
exp_363,45,vggish,True,4,knn-3,0.9290780141843972,0.9850746268656716,0.88,0.9295774647887324
exp_364,45,vggish,False,1,knn-3,0.6808510638297872,0.7272727272727273,0.64,0.6808510638297872
exp_365,45,vggish,False,2,knn-3,0.8014184397163121,0.8133333333333334,0.8133333333333334,0.8133333333333334
exp_366,45,vggish,False,3,knn-3,0.8865248226950354,0.8831168831168831,0.9066666666666666,0.8947368421052628
exp_367,45,vggish,False,4,knn-3,0.9361702127659576,0.9342105263157896,0.9466666666666668,0.9403973509933776
