name,seed,weights,preprocessor,num_classes,metrics_accuracy_score,metrics_precision,metrics_recall,metrics_f1,pca_components,neighbors
exp_5,1,False,vggish,2,0.8226950354609929,0.8181818181818182,0.8059701492537313,0.8120300751879699,2,3
exp_4,1,True,vggish,2,0.9078014184397164,0.935483870967742,0.8656716417910447,0.8992248062015503,2,3
exp_6,1,True,ised_features,2,0.8794326241134752,0.9032258064516128,0.8358208955223879,0.8682170542635659,2,3
exp_7,1,False,ised_features,2,0.6312056737588653,0.6119402985074627,0.6119402985074627,0.6119402985074627,2,3
