name,seed,weights,preprocessor,num_classes,metrics_accuracy_score,metrics_precision,metrics_recall,metrics_f1,pca_components,neighbors
exp_48,24,True,openl3,2,0.5035460992907801,0.5352112676056338,0.5066666666666667,0.5205479452054794,2,3
exp_49,24,False,openl3,2,0.5035460992907801,0.5362318840579711,0.4933333333333334,0.513888888888889,2,3
