name,seed,weights,preprocessor,num_classes,metrics_accuracy_score,metrics_precision,metrics_recall,metrics_f1,pca_components,neighbors
exp_134,33,True,ised_features,2,0.7943262411347518,0.7391304347826086,0.8225806451612904,0.7786259541984734,2,3
exp_133,33,False,vggish,2,0.8226950354609929,0.7534246575342466,0.8870967741935484,0.8148148148148148,2,3
exp_132,33,True,vggish,2,0.8652482269503546,0.8307692307692308,0.8709677419354839,0.8503937007874016,2,3
exp_135,33,False,ised_features,2,0.6737588652482269,0.6025641025641025,0.7580645161290323,0.6714285714285715,2,3
