name,seed,weights,preprocessor,num_classes,metrics_accuracy_score,metrics_precision,metrics_recall,metrics_f1,pca_components,neighbors
exp_54,13,True,ised_features,2,0.8723404255319149,0.8545454545454545,0.8245614035087719,0.8392857142857144,2,3
exp_53,13,False,vggish,2,0.8794326241134752,0.8571428571428571,0.8421052631578947,0.8495575221238938,2,3
exp_52,13,True,vggish,2,0.8723404255319149,0.8421052631578947,0.8421052631578947,0.8421052631578947,2,3
exp_55,13,False,ised_features,2,0.7304964539007093,0.6557377049180327,0.7017543859649122,0.6779661016949152,2,3
