name,seed,weights,preprocessor,num_classes,metrics_accuracy_score,metrics_precision,metrics_recall,metrics_f1,pca_components,neighbors
exp_5,1,False,vggish,2,0.7730496453900709,0.7536231884057971,0.7761194029850746,0.7647058823529411,2,3
exp_4,1,True,vggish,2,0.9078014184397164,0.935483870967742,0.8656716417910447,0.8992248062015503,2,3
exp_6,1,True,ised_features,2,0.7092198581560284,0.6911764705882353,0.7014925373134329,0.6962962962962963,2,3
exp_7,1,False,ised_features,2,0.6028368794326241,0.582089552238806,0.582089552238806,0.582089552238806,2,3
