name,seed,weights,preprocessor,num_classes,metrics_accuracy_score,metrics_precision,metrics_recall,metrics_f1,pca_components,neighbors
exp_32,5,True,vggish,2,0.8652482269503546,0.8245614035087719,0.8392857142857143,0.8318584070796461,2,3
exp_35,5,False,ised_features,2,0.9078014184397164,0.8909090909090909,0.875,0.8828828828828829,2,3
exp_34,5,True,ised_features,2,0.9290780141843972,0.9107142857142856,0.9107142857142856,0.9107142857142856,2,3
exp_33,5,False,vggish,2,0.8936170212765957,0.9183673469387756,0.8035714285714286,0.8571428571428571,2,3
exp_31,5,False,openl3,2,0.9007092198581559,0.8620689655172413,0.8928571428571429,0.8771929824561403,2,3
exp_30,5,True,openl3,2,0.9645390070921984,0.981132075471698,0.9285714285714286,0.9541284403669724,2,3
