name,seed,preprocessor,fischer_reweighting,pca_n_components,classifier,metrics_accuracy_score,metrics_precision,metrics_recall,metrics_f1
exp_184,23,vggish,True,1,knn-3,0.8865248226950354,0.8461538461538461,0.9016393442622952,0.873015873015873
exp_185,23,vggish,True,2,knn-3,0.8865248226950354,0.8688524590163934,0.8688524590163934,0.8688524590163934
exp_186,23,vggish,True,3,knn-3,0.9361702127659576,0.8939393939393939,0.9672131147540984,0.9291338582677166
exp_187,23,vggish,True,4,knn-3,0.9007092198581559,0.8507462686567164,0.9344262295081968,0.8906250000000001
exp_188,23,vggish,False,1,knn-3,0.7092198581560284,0.625,0.819672131147541,0.7092198581560285
exp_189,23,vggish,False,2,knn-3,0.8581560283687943,0.8153846153846154,0.8688524590163934,0.8412698412698412
exp_190,23,vggish,False,3,knn-3,0.8794326241134752,0.84375,0.8852459016393442,0.8640000000000001
exp_191,23,vggish,False,4,knn-3,0.9290780141843972,0.8923076923076924,0.9508196721311476,0.9206349206349206
