name,seed,preprocessor,fischer_reweighting,pca_n_components,classifier,metrics_accuracy_score,metrics_precision,metrics_recall,metrics_f1
exp_216,27,vggish,True,1,knn-3,0.9007092198581559,0.948051948051948,0.8795180722891566,0.9125
exp_217,27,vggish,True,2,knn-3,0.9219858156028368,0.95,0.9156626506024096,0.9325153374233128
exp_218,27,vggish,True,3,knn-3,0.9290780141843972,0.974025974025974,0.9036144578313252,0.9375
exp_219,27,vggish,True,4,knn-3,0.950354609929078,0.975,0.9397590361445785,0.9570552147239264
exp_220,27,vggish,False,1,knn-3,0.7943262411347518,0.8292682926829268,0.8192771084337349,0.8242424242424242
exp_221,27,vggish,False,2,knn-3,0.9148936170212766,0.9610389610389608,0.891566265060241,0.925
exp_222,27,vggish,False,3,knn-3,0.9361702127659576,0.9404761904761904,0.9518072289156626,0.9461077844311376
exp_223,27,vggish,False,4,knn-3,0.9361702127659576,0.9625,0.927710843373494,0.9447852760736196
