name,seed,preprocessor,fischer_reweighting,pca_n_components,classifier,metrics_accuracy_score,metrics_precision,metrics_recall,metrics_f1
exp_136,17,vggish,True,1,knn-3,0.8723404255319149,0.8307692307692308,0.8852459016393442,0.8571428571428572
exp_137,17,vggish,True,2,knn-3,0.851063829787234,0.803030303030303,0.8688524590163934,0.8346456692913385
exp_138,17,vggish,True,3,knn-3,0.8936170212765957,0.859375,0.9016393442622952,0.88
exp_139,17,vggish,True,4,knn-3,0.9290780141843972,0.9047619047619048,0.9344262295081968,0.9193548387096776
exp_140,17,vggish,False,1,knn-3,0.7801418439716312,0.734375,0.7704918032786885,0.7519999999999999
exp_141,17,vggish,False,2,knn-3,0.8652482269503546,0.85,0.8360655737704918,0.8429752066115703
exp_142,17,vggish,False,3,knn-3,0.9007092198581559,0.8852459016393442,0.8852459016393442,0.8852459016393442
exp_143,17,vggish,False,4,knn-3,0.9148936170212766,0.8888888888888888,0.918032786885246,0.9032258064516128
