name,seed,weights,preprocessor,num_classes,metrics_accuracy_score,metrics_precision,metrics_recall,metrics_f1,pca_components,neighbors
exp_18,4,True,ised_features,2,0.6950354609929078,0.75,0.6623376623376623,0.7034482758620688,2,3
exp_16,4,True,vggish,2,0.8581560283687943,0.8701298701298701,0.8701298701298701,0.8701298701298701,2,3
exp_17,4,False,vggish,2,0.7943262411347518,0.8333333333333334,0.7792207792207793,0.8053691275167787,2,3
exp_19,4,False,ised_features,2,0.7092198581560284,0.7195121951219512,0.7662337662337663,0.7421383647798743,2,3
