name,seed,preprocessor,fischer_reweighting,n_components,n_neighbors,metrics_accuracy_score,metrics_precision,metrics_recall,metrics_f1
exp_27,1,openl3-mel128-512-music,False,2,3,0.8865248226950354,0.922077922077922,0.8765432098765432,0.8987341772151898
exp_26,1,openl3-mel128-512-music,True,2,3,0.8794326241134752,0.826530612244898,1.0,0.9050279329608939
