name,seed,weights,preprocessor,num_classes,metrics_accuracy_score,metrics_precision,metrics_recall,metrics_f1,pca_components,neighbors
exp_20,3,True,vggish,2,0.9361702127659576,0.9622641509433962,0.8793103448275862,0.9189189189189187,2,3
exp_18,3,True,openl3,2,0.9574468085106383,0.9482758620689656,0.9482758620689656,0.9482758620689656,2,3
exp_19,3,False,openl3,2,0.9148936170212766,0.8965517241379308,0.8965517241379308,0.8965517241379308,2,3
exp_21,3,False,vggish,2,0.9361702127659576,0.9454545454545454,0.8965517241379308,0.920353982300885,2,3
exp_23,3,False,ised_features,2,0.8865248226950354,0.9375,0.7758620689655172,0.8490566037735848,2,3
exp_22,3,True,ised_features,2,0.8936170212765957,0.9215686274509804,0.8103448275862069,0.8623853211009175,2,3
