name,seed,preprocessor,fischer_reweighting,pca_n_components,classifier,metrics_accuracy_score,metrics_precision,metrics_recall,metrics_f1
exp_288,36,vggish,True,1,knn-3,0.8794326241134752,0.8611111111111112,0.8985507246376812,0.8794326241134751
exp_289,36,vggish,True,2,knn-3,0.8794326241134752,0.8333333333333334,0.9420289855072465,0.8843537414965987
exp_290,36,vggish,True,3,knn-3,0.8723404255319149,0.8311688311688312,0.927536231884058,0.8767123287671235
exp_291,36,vggish,True,4,knn-3,0.8794326241134752,0.8333333333333334,0.9420289855072465,0.8843537414965987
exp_292,36,vggish,False,1,knn-3,0.7588652482269503,0.7215189873417721,0.8260869565217391,0.7702702702702703
exp_293,36,vggish,False,2,knn-3,0.8439716312056738,0.7901234567901234,0.927536231884058,0.8533333333333333
exp_294,36,vggish,False,3,knn-3,0.8723404255319149,0.8227848101265823,0.9420289855072465,0.8783783783783783
exp_295,36,vggish,False,4,knn-3,0.8794326241134752,0.8333333333333334,0.9420289855072465,0.8843537414965987
