name,seed,weights,preprocessor,num_classes,metrics_accuracy_score,metrics_precision,metrics_recall,metrics_f1,pca_components,neighbors
exp_29,14,False,openl3,2,0.4893617021276596,0.4418604651162791,0.6129032258064516,0.5135135135135135,2,3
exp_28,14,True,openl3,2,0.4964539007092199,0.4482758620689655,0.6290322580645161,0.5234899328859061,2,3
