name,seed,weights,preprocessor,num_classes,metrics_accuracy_score,metrics_precision,metrics_recall,metrics_f1,pca_components,neighbors
exp_144,36,True,vggish,2,0.8014184397163121,0.8243243243243243,0.8026315789473685,0.8133333333333335,2,3
exp_145,36,False,vggish,2,0.7659574468085106,0.8307692307692308,0.7105263157894737,0.7659574468085107,2,3
exp_147,36,False,ised_features,2,0.7872340425531915,0.7948717948717948,0.8157894736842105,0.8051948051948051,2,3
exp_146,36,True,ised_features,2,0.8226950354609929,0.8148148148148148,0.8684210526315791,0.8407643312101911,2,3
