name,seed,weights,preprocessor,num_classes,metrics_accuracy_score,metrics_precision,metrics_recall,metrics_f1,pca_components,neighbors
exp_294,49,True,openl3,2,0.9645390070921984,0.9636363636363636,0.9464285714285714,0.9549549549549547,2,3
exp_295,49,False,openl3,2,0.950354609929078,0.9622641509433962,0.9107142857142856,0.9357798165137616,2,3
exp_297,49,False,vggish,2,0.9432624113475178,0.9285714285714286,0.9285714285714286,0.9285714285714286,2,3
exp_299,49,False,ised_features,2,0.8723404255319149,0.9523809523809524,0.7142857142857143,0.8163265306122449,2,3
exp_298,49,True,ised_features,2,0.8581560283687943,0.9736842105263158,0.6607142857142857,0.7872340425531915,2,3
exp_296,49,True,vggish,2,0.9361702127659576,0.8983050847457628,0.9464285714285714,0.9217391304347826,2,3
