name,seed,weights,preprocessor,num_classes,metrics_accuracy_score,metrics_precision,metrics_recall,metrics_f1,pca_components,neighbors
exp_15,3,False,ised_features,2,0.7092198581560284,0.6666666666666666,0.6984126984126984,0.6821705426356589,2,3
exp_12,3,True,vggish,2,0.9078014184397164,0.890625,0.9047619047619048,0.8976377952755906,2,3
exp_13,3,False,vggish,2,0.9078014184397164,0.9310344827586208,0.8571428571428571,0.8925619834710743,2,3
exp_14,3,True,ised_features,2,0.8723404255319149,0.9245283018867924,0.7777777777777778,0.8448275862068966,2,3
