name,seed,weights,preprocessor,num_classes,metrics_accuracy_score,metrics_precision,metrics_recall,metrics_f1,pca_components,neighbors
exp_36,18,True,openl3,2,0.5815602836879432,0.5227272727272727,0.7301587301587301,0.6092715231788081,2,3
exp_37,18,False,openl3,2,0.5744680851063829,0.5168539325842697,0.7301587301587301,0.6052631578947368,2,3
