name,seed,preprocessor,fischer_reweighting,pca_n_components,classifier,metrics_accuracy_score,metrics_precision,metrics_recall,metrics_f1
exp_336,42,vggish,True,1,knn-3,0.8652482269503546,0.8636363636363636,0.8507462686567164,0.8571428571428571
exp_337,42,vggish,True,2,knn-3,0.8297872340425532,0.8028169014084507,0.8507462686567164,0.8260869565217391
exp_338,42,vggish,True,3,knn-3,0.8652482269503546,0.8157894736842105,0.9253731343283582,0.8671328671328671
exp_339,42,vggish,True,4,knn-3,0.8723404255319149,0.8181818181818182,0.9402985074626866,0.8750000000000001
exp_340,42,vggish,False,1,knn-3,0.7092198581560284,0.6666666666666666,0.7761194029850746,0.7172413793103448
exp_341,42,vggish,False,2,knn-3,0.8439716312056738,0.8169014084507042,0.8656716417910447,0.8405797101449274
exp_342,42,vggish,False,3,knn-3,0.8794326241134752,0.8676470588235294,0.8805970149253731,0.874074074074074
exp_343,42,vggish,False,4,knn-3,0.8581560283687943,0.8405797101449275,0.8656716417910447,0.8529411764705882
