name,seed,preprocessor,fischer_reweighting,pca_n_components,classifier,metrics_accuracy_score,metrics_precision,metrics_recall,metrics_f1
exp_376,47,vggish,True,1,knn-3,0.9290780141843972,0.9545454545454546,0.9,0.9264705882352942
exp_377,47,vggish,True,2,knn-3,0.9078014184397164,0.9523809523809524,0.8571428571428571,0.9022556390977444
exp_378,47,vggish,True,3,knn-3,0.9148936170212766,0.9264705882352942,0.9,0.9130434782608696
exp_379,47,vggish,True,4,knn-3,0.9290780141843972,0.9411764705882352,0.9142857142857144,0.927536231884058
exp_380,47,vggish,False,1,knn-3,0.7730496453900709,0.7794117647058824,0.7571428571428571,0.7681159420289856
exp_381,47,vggish,False,2,knn-3,0.9219858156028368,0.953846153846154,0.8857142857142857,0.9185185185185184
exp_382,47,vggish,False,3,knn-3,0.8794326241134752,0.9076923076923076,0.8428571428571429,0.8740740740740741
exp_383,47,vggish,False,4,knn-3,0.8936170212765957,0.9365079365079364,0.8428571428571429,0.887218045112782
