name,seed,weights,preprocessor,num_classes,metrics_accuracy_score,metrics_precision,metrics_recall,metrics_f1,pca_components,neighbors
exp_244,40,True,ised_features,2,0.8156028368794326,0.8421052631578947,0.7384615384615385,0.7868852459016393,2,3
exp_243,40,False,vggish,2,0.9078014184397164,0.9193548387096774,0.8769230769230769,0.8976377952755904,2,3
exp_242,40,True,vggish,2,0.9148936170212766,0.9344262295081968,0.8769230769230769,0.9047619047619048,2,3
exp_245,40,False,ised_features,2,0.851063829787234,0.9230769230769232,0.7384615384615385,0.8205128205128206,2,3
exp_240,40,True,openl3,2,0.9645390070921984,0.9545454545454546,0.9692307692307692,0.9618320610687022,2,3
exp_241,40,False,openl3,2,0.8723404255319149,0.8405797101449275,0.8923076923076924,0.8656716417910447,2,3
