name,seed,weights,preprocessor,num_classes,metrics_accuracy_score,metrics_precision,metrics_recall,metrics_f1,pca_components,neighbors
exp_288,48,True,openl3,2,0.9290780141843972,0.8983050847457628,0.9298245614035088,0.913793103448276,2,3
exp_289,48,False,openl3,2,0.9078014184397164,0.8928571428571429,0.8771929824561403,0.8849557522123894,2,3
exp_293,48,False,ised_features,2,0.851063829787234,0.8103448275862069,0.8245614035087719,0.8173913043478261,2,3
exp_292,48,True,ised_features,2,0.8581560283687943,0.8135593220338984,0.8421052631578947,0.8275862068965518,2,3
exp_290,48,True,vggish,2,0.8936170212765957,0.8387096774193549,0.912280701754386,0.8739495798319329,2,3
exp_291,48,False,vggish,2,0.9219858156028368,0.925925925925926,0.8771929824561403,0.9009009009009008,2,3
