name,seed,weights,preprocessor,num_classes,metrics_accuracy_score,metrics_precision,metrics_recall,metrics_f1,pca_components,neighbors
exp_167,27,False,ised_features,2,0.8865248226950354,0.9,0.84375,0.870967741935484,2,3
exp_166,27,True,ised_features,2,0.9148936170212766,0.9333333333333332,0.875,0.9032258064516128,2,3
exp_163,27,False,openl3,2,0.9574468085106383,0.9393939393939394,0.96875,0.953846153846154,2,3
exp_164,27,True,vggish,2,0.9078014184397164,0.918032786885246,0.875,0.8959999999999999,2,3
exp_165,27,False,vggish,2,0.9078014184397164,0.8923076923076924,0.90625,0.8992248062015504,2,3
exp_162,27,True,openl3,2,0.9929078014184396,1.0,0.984375,0.9921259842519684,2,3
