name,seed,weights,preprocessor,num_classes,metrics_accuracy_score,metrics_precision,metrics_recall,metrics_f1,pca_components,neighbors
exp_59,9,False,ised_features,2,0.9432624113475178,0.951219512195122,0.8666666666666667,0.9069767441860463,2,3
exp_57,9,False,vggish,2,0.9078014184397164,0.9210526315789472,0.7777777777777778,0.8433734939759038,2,3
exp_56,9,True,vggish,2,0.8936170212765957,0.875,0.7777777777777778,0.823529411764706,2,3
exp_58,9,True,ised_features,2,0.9361702127659576,0.9285714285714286,0.8666666666666667,0.8965517241379308,2,3
exp_54,9,True,openl3,2,0.9361702127659576,0.9736842105263158,0.8222222222222222,0.891566265060241,2,3
exp_55,9,False,openl3,2,0.8865248226950354,0.8536585365853658,0.7777777777777778,0.8139534883720929,2,3
