name,seed,weights,preprocessor,num_classes,metrics_accuracy_score,metrics_precision,metrics_recall,metrics_f1,pca_components,neighbors
exp_20,5,True,vggish,2,0.851063829787234,0.9661016949152542,0.75,0.8444444444444443,2,3
exp_21,5,False,vggish,2,0.8226950354609929,0.8805970149253731,0.7763157894736842,0.8251748251748251,2,3
exp_23,5,False,ised_features,2,0.6312056737588653,0.6621621621621622,0.6447368421052632,0.6533333333333333,2,3
exp_22,5,True,ised_features,2,0.8368794326241135,0.9344262295081968,0.75,0.832116788321168,2,3
