name,seed,weights,preprocessor,num_classes,metrics_accuracy_score,metrics_precision,metrics_recall,metrics_f1,pca_components,neighbors
exp_89,22,False,vggish,2,0.8156028368794326,0.803030303030303,0.803030303030303,0.803030303030303,2,3
exp_88,22,True,vggish,2,0.8439716312056738,0.84375,0.8181818181818182,0.8307692307692308,2,3
exp_91,22,False,ised_features,2,0.6382978723404256,0.5974025974025974,0.696969696969697,0.6433566433566433,2,3
exp_90,22,True,ised_features,2,0.75177304964539,0.7818181818181819,0.6515151515151515,0.7107438016528926,2,3
