name,seed,weights,preprocessor,num_classes,metrics_accuracy_score,metrics_precision,metrics_recall,metrics_f1,pca_components,neighbors
exp_286,47,True,ised_features,2,0.8794326241134752,0.9318181818181818,0.7454545454545455,0.8282828282828283,2,3
exp_287,47,False,ised_features,2,0.8723404255319149,0.9111111111111112,0.7454545454545455,0.8200000000000001,2,3
exp_285,47,False,vggish,2,0.9290780141843972,0.9411764705882352,0.8727272727272727,0.9056603773584904,2,3
exp_282,47,True,openl3,2,0.9787234042553192,0.9814814814814816,0.9636363636363636,0.9724770642201834,2,3
exp_283,47,False,openl3,2,0.9361702127659576,0.9423076923076924,0.8909090909090909,0.9158878504672896,2,3
exp_284,47,True,vggish,2,0.9148936170212766,0.9056603773584906,0.8727272727272727,0.8888888888888888,2,3
