name,seed,weights,preprocessor,num_classes,metrics_accuracy_score,metrics_precision,metrics_recall,metrics_f1,pca_components,neighbors
exp_181,45,False,vggish,2,0.9290780141843972,0.9558823529411764,0.9027777777777778,0.9285714285714286,2,3
exp_180,45,True,vggish,2,0.8865248226950354,0.9117647058823528,0.8611111111111112,0.8857142857142858,2,3
exp_182,45,True,ised_features,2,0.8156028368794326,0.8833333333333333,0.7361111111111112,0.803030303030303,2,3
exp_183,45,False,ised_features,2,0.6737588652482269,0.7166666666666667,0.5972222222222222,0.6515151515151515,2,3
