name,seed,weights,preprocessor,num_classes,metrics_accuracy_score,metrics_precision,metrics_recall,metrics_f1,pca_components,neighbors
exp_68,17,True,vggish,2,0.9219858156028368,0.9104477611940298,0.9242424242424242,0.9172932330827068,2,3
exp_69,17,False,vggish,2,0.8723404255319149,0.875,0.8484848484848485,0.8615384615384615,2,3
exp_70,17,True,ised_features,2,0.8439716312056738,0.8793103448275862,0.7727272727272727,0.8225806451612904,2,3
exp_71,17,False,ised_features,2,0.7446808510638298,0.6973684210526315,0.803030303030303,0.7464788732394365,2,3
