,t_test_stat,t_test_pval,wilcoxon_stat,wilcoxon_pval
1_False_1_True_,-11.018469346300254,9.626930592317979e-15,11.0,3.258274084071478e-09
2_False_2_True_,-1.8862661083623282,0.06531693665424698,338.5,0.10435218422013633
3_False_3_True_,-1.929433556424048,0.05959967963496712,346.5,0.05357609278495184
4_False_4_True_,-1.9299862327937978,0.05952934841096061,276.0,0.045264030159734646
