,t_test_stat,t_test_pval,wilcoxon_stat,wilcoxon_pval
1_False_1_True_,-15.897664683906962,9.30101763544476e-21,0.0,1.1100954635085601e-09
2_False_2_True_,-2.960712433485846,0.0047586626984866464,344.0,0.007565976238322066
3_False_3_True_,-3.668853143442573,0.0006101081499642626,297.0,0.002838986679185031
4_False_4_True_,-2.03092593183026,0.04782102637453639,402.0,0.05642775248798016
