,t_test_stat,t_test_pval,wilcoxon_stat,wilcoxon_pval
1_False_1_True_,-17.000211594112713,5.9901974526303275e-22,0.0,1.105399549066536e-09
2_False_2_True_,-3.0045471795706944,0.004218408288737701,310.0,0.00716103007389614
3_False_3_True_,-3.72477671377878,0.000514179344970769,170.0,0.0007273449299556912
4_False_4_True_,-1.88358221254485,0.06568731494393756,365.0,0.08496579420762375
