,t_test_stat,t_test_pval,wilcoxon_stat,wilcoxon_pval
1_False_1_True_,-14.878491208790015,1.3220147080478425e-19,1.0,1.1812325186599061e-09
2_False_2_True_,-2.8294778623388974,0.006786603204968215,376.0,0.01864592593471131
3_False_3_True_,-3.145223092524954,0.0028473828500778847,307.0,0.003950479079076572
4_False_4_True_,-0.8402396140792108,0.40494002404819374,501.0,0.3722217449886599
