name,seed,weights,preprocessor,num_classes,metrics_accuracy_score,metrics_precision,metrics_recall,metrics_f1,pca_components,neighbors
exp_110,18,True,vggish,2,0.9148936170212766,0.8771929824561403,0.9090909090909092,0.8928571428571428,2,3
exp_111,18,False,vggish,2,0.9148936170212766,0.9056603773584906,0.8727272727272727,0.8888888888888888,2,3
exp_108,18,True,openl3,2,0.9716312056737588,0.9636363636363636,0.9636363636363636,0.9636363636363636,2,3
exp_109,18,False,openl3,2,0.9007092198581559,0.8253968253968254,0.9454545454545454,0.8813559322033897,2,3
exp_113,18,False,ised_features,2,0.8652482269503546,0.86,0.7818181818181819,0.8190476190476189,2,3
exp_112,18,True,ised_features,2,0.8723404255319149,0.8490566037735849,0.8181818181818182,0.8333333333333334,2,3
