name,seed,weights,preprocessor,num_classes,metrics_accuracy_score,metrics_precision,metrics_recall,metrics_f1,pca_components,neighbors
exp_169,42,False,vggish,2,0.8794326241134752,0.921875,0.8309859154929577,0.874074074074074,2,3
exp_168,42,True,vggish,2,0.8581560283687943,0.918032786885246,0.7887323943661971,0.8484848484848485,2,3
exp_171,42,False,ised_features,2,0.6524822695035462,0.6617647058823529,0.6338028169014085,0.6474820143884893,2,3
exp_170,42,True,ised_features,2,0.8439716312056738,0.8356164383561644,0.8591549295774648,0.8472222222222222,2,3
