name,seed,weights,preprocessor,num_classes,metrics_accuracy_score,metrics_precision,metrics_recall,metrics_f1,pca_components,neighbors
exp_79,19,False,ised_features,2,0.7092198581560284,0.7092198581560284,0.7092198581560284,0.7092198581560284,2,3
exp_77,19,False,vggish,2,0.8723404255319149,0.8723404255319149,0.8723404255319149,0.8723404255319149,2,3
exp_76,19,True,vggish,2,0.8156028368794326,0.8156028368794326,0.8156028368794326,0.8156028368794325,2,3
exp_78,19,True,ised_features,2,0.8652482269503546,0.8652482269503546,0.8652482269503546,0.8652482269503546,2,3
