name,seed,weights,preprocessor,num_classes,metrics_accuracy_score,metrics_precision,metrics_recall,metrics_f1,pca_components,neighbors
exp_61,15,False,vggish,2,0.8865248226950354,0.890625,0.8636363636363636,0.8769230769230768,2,3
exp_60,15,True,vggish,2,0.9078014184397164,0.9344262295081968,0.8636363636363636,0.8976377952755905,2,3
exp_62,15,True,ised_features,2,0.7659574468085106,0.7619047619047619,0.7272727272727273,0.7441860465116279,2,3
exp_63,15,False,ised_features,2,0.6950354609929078,0.6575342465753424,0.7272727272727273,0.6906474820143884,2,3
