name,seed,weights,preprocessor,num_classes,metrics_accuracy_score,metrics_precision,metrics_recall,metrics_f1,pca_components,neighbors
exp_16,2,True,ised_features,2,0.8723404255319149,0.8421052631578947,0.8421052631578947,0.8421052631578947,2,3
exp_17,2,False,ised_features,2,0.8794326241134752,0.8571428571428571,0.8421052631578947,0.8495575221238938,2,3
exp_15,2,False,vggish,2,0.9219858156028368,0.8709677419354839,0.9473684210526316,0.907563025210084,2,3
exp_12,2,True,openl3,2,0.9858156028368794,0.9661016949152542,1.0,0.9827586206896552,2,3
exp_13,2,False,openl3,2,0.9148936170212766,0.8947368421052632,0.8947368421052632,0.8947368421052632,2,3
exp_14,2,True,vggish,2,0.9290780141843972,0.8615384615384616,0.9824561403508772,0.9180327868852458,2,3
