name,seed,weights,preprocessor,num_classes,metrics_accuracy_score,metrics_precision,metrics_recall,metrics_f1,pca_components,neighbors
exp_234,39,True,openl3,2,0.950354609929078,0.9629629629629628,0.912280701754386,0.9369369369369368,2,3
exp_235,39,False,openl3,2,0.8794326241134752,0.9166666666666666,0.7719298245614035,0.8380952380952379,2,3
exp_239,39,False,ised_features,2,0.8865248226950354,0.9555555555555556,0.7543859649122807,0.8431372549019609,2,3
exp_237,39,False,vggish,2,0.9078014184397164,0.94,0.8245614035087719,0.8785046728971964,2,3
exp_236,39,True,vggish,2,0.9078014184397164,0.8793103448275862,0.8947368421052632,0.8869565217391304,2,3
exp_238,39,True,ised_features,2,0.8794326241134752,0.9347826086956522,0.7543859649122807,0.8349514563106796,2,3
