name,seed,preprocessor,fischer_reweighting,pca_n_components,classifier,metrics_accuracy_score,metrics_precision,metrics_recall,metrics_f1
exp_120,15,vggish,True,1,knn-3,0.8794326241134752,0.8783783783783784,0.8904109589041096,0.8843537414965986
exp_121,15,vggish,True,2,knn-3,0.8439716312056738,0.84,0.8630136986301371,0.8513513513513513
exp_122,15,vggish,True,3,knn-3,0.8581560283687943,0.8630136986301371,0.8630136986301371,0.8630136986301371
exp_123,15,vggish,True,4,knn-3,0.8794326241134752,0.8684210526315791,0.9041095890410958,0.8859060402684564
exp_124,15,vggish,False,1,knn-3,0.7588652482269503,0.7746478873239436,0.7534246575342466,0.7638888888888888
exp_125,15,vggish,False,2,knn-3,0.8439716312056738,0.8493150684931506,0.8493150684931506,0.8493150684931505
exp_126,15,vggish,False,3,knn-3,0.8439716312056738,0.8591549295774648,0.8356164383561644,0.8472222222222222
exp_127,15,vggish,False,4,knn-3,0.9078014184397164,0.9054054054054054,0.9178082191780822,0.9115646258503399
