name,seed,weights,preprocessor,num_classes,metrics_accuracy_score,metrics_precision,metrics_recall,metrics_f1,pca_components,neighbors
exp_15,3,False,ised_features,2,0.6879432624113475,0.6338028169014085,0.7142857142857143,0.6716417910447761,2,3
exp_12,3,True,vggish,2,0.8794326241134752,0.8709677419354839,0.8571428571428571,0.8640000000000001,2,3
exp_13,3,False,vggish,2,0.8581560283687943,0.8909090909090909,0.7777777777777778,0.8305084745762712,2,3
exp_14,3,True,ised_features,2,0.6808510638297872,0.6323529411764706,0.6825396825396826,0.6564885496183206,2,3
