name,seed,weights,preprocessor,num_classes,metrics_accuracy_score,metrics_precision,metrics_recall,metrics_f1,pca_components,neighbors
exp_143,35,False,ised_features,2,0.6808510638297872,0.64,0.7272727272727273,0.6808510638297872,2,3
exp_142,35,True,ised_features,2,0.851063829787234,0.8571428571428571,0.8181818181818182,0.8372093023255814,2,3
exp_140,35,True,vggish,2,0.8652482269503546,0.8309859154929577,0.8939393939393939,0.8613138686131386,2,3
exp_141,35,False,vggish,2,0.8226950354609929,0.8596491228070176,0.7424242424242424,0.7967479674796748,2,3
