name,seed,weights,preprocessor,num_classes,metrics_accuracy_score,metrics_precision,metrics_recall,metrics_f1,pca_components,neighbors
exp_113,28,False,vggish,2,0.8652482269503546,0.8490566037735849,0.8035714285714286,0.8256880733944955,2,3
exp_114,28,True,ised_features,2,0.8936170212765957,0.9361702127659576,0.7857142857142857,0.854368932038835,2,3
exp_115,28,False,ised_features,2,0.7304964539007093,0.6153846153846154,0.8571428571428571,0.7164179104477612,2,3
exp_112,28,True,vggish,2,0.8652482269503546,0.8135593220338984,0.8571428571428571,0.8347826086956522,2,3
