name,seed,weights,preprocessor,num_classes,metrics_accuracy_score,metrics_precision,metrics_recall,metrics_f1,pca_components,neighbors
exp_96,24,True,vggish,2,0.8297872340425532,0.8904109589041096,0.8024691358024691,0.8441558441558442,2,3
exp_98,24,True,ised_features,2,0.8581560283687943,0.8961038961038961,0.8518518518518519,0.8734177215189873,2,3
exp_99,24,False,ised_features,2,0.5886524822695035,0.7254901960784313,0.4567901234567901,0.5606060606060607,2,3
exp_97,24,False,vggish,2,0.8652482269503546,0.9189189189189191,0.8395061728395061,0.8774193548387097,2,3
