,t_test_stat,t_test_pval,wilcoxon_stat,wilcoxon_pval
ised_features_False_ised_features_True_,-14.727904967423324,7.095821426043909e-13,0.0,2.384185791015625e-07
ised_features_False_vggish_True_,-14.35324882553817,1.1883664105466165e-12,0.0,2.384185791015625e-07
ised_features_False_vggish_False_,-15.904679527357294,1.5033088720458644e-13,0.0,2.384185791015625e-07
ised_features_True_vggish_True_,-1.6606971230305525,0.11096133337223185,65.0,0.13508455294672309
ised_features_True_vggish_False_,-0.22650491068934614,0.8229000578496681,120.0,0.8327360921046054
vggish_True_vggish_False_,1.8948114001778522,0.07133584376229127,66.0,0.049045568197932585
