,t_test_stat,t_test_pval,wilcoxon_stat,wilcoxon_pval
ised_features_False_ised_features_True_,-14.727904967423317,7.095821426043984e-13,0.0,2.384185791015625e-07
ised_features_False_vggish_True_,-14.353248825538163,1.188366410546629e-12,0.0,2.384185791015625e-07
ised_features_False_vggish_False_,-15.904679527357285,1.5033088720458803e-13,0.0,2.384185791015625e-07
ised_features_True_vggish_True_,-1.6606971230305507,0.11096133337223223,65.0,0.13518670023207047
ised_features_True_vggish_False_,-0.22650491068934553,0.8229000578496686,120.5,0.845473863998081
vggish_True_vggish_False_,1.894811400177851,0.07133584376229132,67.5,0.055014384860245416
