name,seed,weights,preprocessor,num_classes,metrics_accuracy_score,metrics_precision,metrics_recall,metrics_f1,pca_components,neighbors
exp_42,10,True,ised_features,2,0.8794326241134752,0.8794326241134752,0.8794326241134752,0.8794326241134752,2,3
exp_43,10,False,ised_features,2,0.7092198581560284,0.7092198581560284,0.7092198581560284,0.7092198581560284,2,3
exp_41,10,False,vggish,2,0.8865248226950354,0.8865248226950354,0.8865248226950354,0.8865248226950354,2,3
exp_40,10,True,vggish,2,0.8439716312056738,0.8439716312056738,0.8439716312056738,0.8439716312056738,2,3
