name,seed,preprocessor,fischer_reweighting,pca_n_components,classifier,metrics_accuracy_score,metrics_precision,metrics_recall,metrics_f1
exp_248,31,vggish,True,1,knn-3,0.8723404255319149,0.9230769230769232,0.821917808219178,0.8695652173913043
exp_249,31,vggish,True,2,knn-3,0.8723404255319149,0.8873239436619719,0.8630136986301371,0.875
exp_250,31,vggish,True,3,knn-3,0.8794326241134752,0.8783783783783784,0.8904109589041096,0.8843537414965986
exp_251,31,vggish,True,4,knn-3,0.8723404255319149,0.8767123287671232,0.8767123287671232,0.8767123287671232
exp_252,31,vggish,False,1,knn-3,0.7872340425531915,0.8412698412698413,0.726027397260274,0.7794117647058825
exp_253,31,vggish,False,2,knn-3,0.75177304964539,0.7878787878787878,0.7123287671232876,0.7482014388489209
exp_254,31,vggish,False,3,knn-3,0.8936170212765957,0.9264705882352942,0.8630136986301371,0.8936170212765958
exp_255,31,vggish,False,4,knn-3,0.8794326241134752,0.9117647058823528,0.8493150684931506,0.8794326241134752
