name,seed,weights,preprocessor,num_classes,metrics_accuracy_score,metrics_precision,metrics_recall,metrics_f1,pca_components,neighbors
exp_11,2,False,ised_features,2,0.75177304964539,0.803030303030303,0.7066666666666667,0.75177304964539,2,3
exp_10,2,True,ised_features,2,0.8014184397163121,0.8983050847457628,0.7066666666666667,0.7910447761194029,2,3
exp_8,2,True,vggish,2,0.8226950354609929,0.8472222222222222,0.8133333333333334,0.8299319727891157,2,3
exp_9,2,False,vggish,2,0.851063829787234,0.8970588235294118,0.8133333333333334,0.8531468531468531,2,3
