name,seed,weights,preprocessor,num_classes,metrics_accuracy_score,metrics_precision,metrics_recall,metrics_f1,pca_components,neighbors
exp_258,43,True,openl3,2,0.950354609929078,0.9433962264150944,0.925925925925926,0.9345794392523364,2,3
exp_260,43,True,vggish,2,0.9290780141843972,0.94,0.8703703703703703,0.903846153846154,2,3
exp_261,43,False,vggish,2,0.9290780141843972,0.9230769230769232,0.8888888888888888,0.9056603773584906,2,3
exp_259,43,False,openl3,2,0.8865248226950354,0.8392857142857143,0.8703703703703703,0.8545454545454546,2,3
exp_263,43,False,ised_features,2,0.8581560283687943,0.84,0.7777777777777778,0.8076923076923077,2,3
exp_262,43,True,ised_features,2,0.8368794326241135,0.8039215686274509,0.7592592592592593,0.7809523809523811,2,3
