,t_test_stat,t_test_pval,wilcoxon_stat,wilcoxon_pval
openl3_True_openl3_False_,-1.1059539020935854e-15,0.9999999999999991,48.5,0.7932838865794627
openl3_False_openl3_True_,1.1059539020935854e-15,0.9999999999999991,48.5,0.7932838865794627
