,t_test_stat,t_test_pval,wilcoxon_stat,wilcoxon_pval
openl3_True_openl3_False_,0.02682315918039974,0.9788321601429828,21.0,0.5073484933824012
openl3_False_openl3_True_,-0.02682315918039974,0.9788321601429828,21.0,0.5073484933824012
