,t_test_stat,t_test_pval,wilcoxon_stat,wilcoxon_pval
openl3_True_openl3_False_,0.018054398270284606,0.9857511651542341,72.0,0.831310207979425
openl3_False_openl3_True_,-0.018054398270284606,0.9857511651542341,72.0,0.831310207979425
