,t_test_stat,t_test_pval,wilcoxon_stat,wilcoxon_pval
openl3_True_openl3_False_,0.06688757837432295,0.9472492503358921,61.0,0.4631068149666542
openl3_False_openl3_True_,-0.06688757837432295,0.9472492503358921,61.0,0.4631068149666542
