name,seed,weights,preprocessor,num_classes,metrics_accuracy_score,metrics_precision,metrics_recall,metrics_f1,pca_components,neighbors
exp_61,15,False,vggish,2,0.7801418439716312,0.7611940298507462,0.7727272727272727,0.7669172932330827,2,3
exp_60,15,True,vggish,2,0.9078014184397164,0.9491525423728814,0.8484848484848485,0.8959999999999999,2,3
exp_62,15,True,ised_features,2,0.8226950354609929,0.8059701492537313,0.8181818181818182,0.8120300751879699,2,3
exp_63,15,False,ised_features,2,0.6666666666666666,0.6301369863013698,0.696969696969697,0.6618705035971223,2,3
