name,seed,weights,preprocessor,num_classes,metrics_accuracy_score,metrics_precision,metrics_recall,metrics_f1,pca_components,neighbors
exp_197,49,False,vggish,2,0.8368794326241135,0.8358208955223879,0.8235294117647058,0.8296296296296296,2,3
exp_199,49,False,ised_features,2,0.6595744680851063,0.65625,0.6176470588235294,0.6363636363636364,2,3
exp_198,49,True,ised_features,2,0.6595744680851063,0.6388888888888888,0.6764705882352942,0.6571428571428571,2,3
exp_196,49,True,vggish,2,0.7659574468085106,0.7611940298507462,0.75,0.7555555555555554,2,3
