name,seed,preprocessor,fischer_reweighting,pca_n_components,classifier,metrics_accuracy_score,metrics_precision,metrics_recall,metrics_f1
exp_96,12,vggish,True,1,knn-3,0.8581560283687943,0.84,0.8873239436619719,0.8630136986301371
exp_97,12,vggish,True,2,knn-3,0.8865248226950354,0.8873239436619719,0.8873239436619719,0.8873239436619719
exp_98,12,vggish,True,3,knn-3,0.9078014184397164,0.9393939393939394,0.8732394366197183,0.9051094890510948
exp_99,12,vggish,True,4,knn-3,0.9148936170212766,0.9402985074626866,0.8873239436619719,0.9130434782608696
exp_100,12,vggish,False,1,knn-3,0.6808510638297872,0.703125,0.6338028169014085,0.6666666666666667
exp_101,12,vggish,False,2,knn-3,0.851063829787234,0.8571428571428571,0.8450704225352113,0.851063829787234
exp_102,12,vggish,False,3,knn-3,0.8936170212765957,0.9242424242424242,0.8591549295774648,0.8905109489051095
exp_103,12,vggish,False,4,knn-3,0.9078014184397164,0.9393939393939394,0.8732394366197183,0.9051094890510948
