name,seed,preprocessor,fischer_reweighting,pca_n_components,classifier,metrics_accuracy_score,metrics_precision,metrics_recall,metrics_f1
exp_24,3,vggish,True,1,knn-3,0.851063829787234,0.8695652173913043,0.8333333333333334,0.851063829787234
exp_25,3,vggish,True,2,knn-3,0.8226950354609929,0.8051948051948052,0.8611111111111112,0.8322147651006712
exp_26,3,vggish,True,3,knn-3,0.8652482269503546,0.8354430379746836,0.9166666666666666,0.8741721854304636
exp_27,3,vggish,True,4,knn-3,0.8368794326241135,0.810126582278481,0.8888888888888888,0.847682119205298
exp_28,3,vggish,False,1,knn-3,0.6879432624113475,0.6794871794871795,0.7361111111111112,0.7066666666666668
exp_29,3,vggish,False,2,knn-3,0.8652482269503546,0.8354430379746836,0.9166666666666666,0.8741721854304636
exp_30,3,vggish,False,3,knn-3,0.8723404255319149,0.8552631578947368,0.9027777777777778,0.8783783783783783
exp_31,3,vggish,False,4,knn-3,0.8652482269503546,0.8441558441558441,0.9027777777777778,0.87248322147651
