name,seed,weights,preprocessor,num_classes,metrics_accuracy_score,metrics_precision,metrics_recall,metrics_f1,pca_components,neighbors
exp_2,0,True,ised_features,2,0.8581560283687943,0.9166666666666666,0.7857142857142857,0.8461538461538461,2,3
exp_3,0,False,ised_features,2,0.7021276595744681,0.71875,0.6571428571428571,0.6865671641791045,2,3
exp_1,0,False,vggish,2,0.8226950354609929,0.8169014084507042,0.8285714285714286,0.8226950354609929,2,3
exp_0,0,True,vggish,2,0.851063829787234,0.810126582278481,0.9142857142857144,0.8590604026845637,2,3
