name,seed,weights,preprocessor,num_classes,metrics_accuracy_score,metrics_precision,metrics_recall,metrics_f1,pca_components,neighbors
exp_80,20,True,vggish,2,0.8581560283687943,0.8581560283687943,0.8581560283687943,0.8581560283687943,2,3
exp_81,20,False,vggish,2,0.8297872340425532,0.8297872340425532,0.8297872340425532,0.8297872340425532,2,3
exp_83,20,False,ised_features,2,0.7446808510638298,0.7446808510638298,0.7446808510638298,0.7446808510638298,2,3
exp_82,20,True,ised_features,2,0.9219858156028368,0.9219858156028368,0.9219858156028368,0.9219858156028368,2,3
