name,seed,weights,preprocessor,num_classes,metrics_accuracy_score,metrics_precision,metrics_recall,metrics_f1,pca_components,neighbors
exp_68,17,True,vggish,2,0.8794326241134752,0.8656716417910447,0.8787878787878788,0.8721804511278195,2,3
exp_69,17,False,vggish,2,0.8226950354609929,0.7887323943661971,0.8484848484848485,0.8175182481751825,2,3
exp_70,17,True,ised_features,2,0.8085106382978723,0.8095238095238095,0.7727272727272727,0.7906976744186046,2,3
exp_71,17,False,ised_features,2,0.7446808510638298,0.734375,0.7121212121212122,0.7230769230769231,2,3
