name,seed,preprocessor,fischer_reweighting,pca_n_components,classifier,metrics_accuracy_score,metrics_precision,metrics_recall,metrics_f1
exp_128,16,vggish,True,1,knn-3,0.8297872340425532,0.84,0.84,0.8399999999999999
exp_129,16,vggish,True,2,knn-3,0.8865248226950354,0.8933333333333333,0.8933333333333333,0.8933333333333333
exp_130,16,vggish,True,3,knn-3,0.851063829787234,0.921875,0.7866666666666666,0.8489208633093526
exp_131,16,vggish,True,4,knn-3,0.8794326241134752,0.9393939393939394,0.8266666666666667,0.8794326241134751
exp_132,16,vggish,False,1,knn-3,0.7234042553191491,0.7307692307692307,0.76,0.7450980392156863
exp_133,16,vggish,False,2,knn-3,0.8794326241134752,0.9027777777777778,0.8666666666666667,0.8843537414965987
exp_134,16,vggish,False,3,knn-3,0.8652482269503546,0.8783783783783784,0.8666666666666667,0.87248322147651
exp_135,16,vggish,False,4,knn-3,0.8652482269503546,0.9,0.84,0.8689655172413793
