name,seed,preprocessor,fischer_reweighting,pca_n_components,classifier,metrics_accuracy_score,metrics_precision,metrics_recall,metrics_f1
exp_88,11,vggish,True,1,knn-3,0.9148936170212766,0.8791208791208791,0.9876543209876544,0.9302325581395348
exp_89,11,vggish,True,2,knn-3,0.9078014184397164,0.8777777777777778,0.9753086419753086,0.9239766081871346
exp_90,11,vggish,True,3,knn-3,0.8936170212765957,0.8928571428571429,0.9259259259259259,0.9090909090909092
exp_91,11,vggish,True,4,knn-3,0.8936170212765957,0.8837209302325582,0.9382716049382716,0.9101796407185628
exp_92,11,vggish,False,1,knn-3,0.6950354609929078,0.7317073170731707,0.7407407407407407,0.7361963190184049
exp_93,11,vggish,False,2,knn-3,0.8794326241134752,0.8902439024390244,0.9012345679012346,0.8957055214723927
exp_94,11,vggish,False,3,knn-3,0.8936170212765957,0.8837209302325582,0.9382716049382716,0.9101796407185628
exp_95,11,vggish,False,4,knn-3,0.9007092198581559,0.9240506329113924,0.9012345679012346,0.9125
