name,seed,weights,preprocessor,num_classes,metrics_accuracy_score,metrics_precision,metrics_recall,metrics_f1,pca_components,neighbors
exp_126,31,True,ised_features,2,0.8014184397163121,0.7671232876712328,0.8358208955223879,0.8,2,3
exp_127,31,False,ised_features,2,0.6737588652482269,0.6721311475409836,0.6119402985074627,0.640625,2,3
exp_125,31,False,vggish,2,0.8156028368794326,0.7594936708860759,0.8955223880597015,0.8219178082191781,2,3
exp_124,31,True,vggish,2,0.8794326241134752,0.890625,0.8507462686567164,0.8702290076335878,2,3
