name,seed,preprocessor,fischer_reweighting,n_components,n_neighbors,metrics_accuracy_score,metrics_precision,metrics_recall,metrics_f1
exp_505,25,openl3-mel128-512-env,False,2,3,0.900709219858156,0.9080459770114943,0.9294117647058824,0.9186046511627908
exp_504,25,openl3-mel128-512-env,True,2,3,0.8156028368794326,1.0,0.6941176470588235,0.8194444444444444
