name,seed,weights,preprocessor,num_classes,metrics_accuracy_score,metrics_precision,metrics_recall,metrics_f1,pca_components,neighbors
exp_167,41,False,ised_features,2,0.7234042553191491,0.7352941176470589,0.7042253521126759,0.7194244604316546,2,3
exp_166,41,True,ised_features,2,0.8865248226950354,0.8985507246376812,0.8732394366197183,0.8857142857142857,2,3
exp_164,41,True,vggish,2,0.8865248226950354,0.8767123287671232,0.9014084507042254,0.8888888888888888,2,3
exp_165,41,False,vggish,2,0.8723404255319149,0.8955223880597015,0.8450704225352113,0.8695652173913043,2,3
