name,seed,preprocessor,fischer_reweighting,pca_n_components,classifier,metrics_accuracy_score,metrics_precision,metrics_recall,metrics_f1
exp_312,39,vggish,True,1,knn-3,0.8723404255319149,0.8387096774193549,0.8666666666666667,0.8524590163934426
exp_313,39,vggish,True,2,knn-3,0.8723404255319149,0.8387096774193549,0.8666666666666667,0.8524590163934426
exp_314,39,vggish,True,3,knn-3,0.8936170212765957,0.8688524590163934,0.8833333333333333,0.8760330578512396
exp_315,39,vggish,True,4,knn-3,0.9219858156028368,0.9298245614035088,0.8833333333333333,0.905982905982906
exp_316,39,vggish,False,1,knn-3,0.7446808510638298,0.6764705882352942,0.7666666666666667,0.71875
exp_317,39,vggish,False,2,knn-3,0.9078014184397164,0.8852459016393442,0.9,0.8925619834710743
exp_318,39,vggish,False,3,knn-3,0.8936170212765957,0.8813559322033898,0.8666666666666667,0.8739495798319329
exp_319,39,vggish,False,4,knn-3,0.9148936170212766,0.875,0.9333333333333332,0.9032258064516128
