name,seed,preprocessor,fischer_reweighting,pca_n_components,classifier,metrics_accuracy_score,metrics_precision,metrics_recall,metrics_f1
exp_280,35,vggish,True,1,knn-3,0.8581560283687943,0.8732394366197183,0.8493150684931506,0.8611111111111109
exp_281,35,vggish,True,2,knn-3,0.8652482269503546,0.8648648648648649,0.8767123287671232,0.870748299319728
exp_282,35,vggish,True,3,knn-3,0.8865248226950354,0.9130434782608696,0.8630136986301371,0.8873239436619719
exp_283,35,vggish,True,4,knn-3,0.9007092198581559,0.9402985074626866,0.8630136986301371,0.9
exp_284,35,vggish,False,1,knn-3,0.8226950354609929,0.8333333333333334,0.821917808219178,0.8275862068965517
exp_285,35,vggish,False,2,knn-3,0.8581560283687943,0.8840579710144928,0.8356164383561644,0.8591549295774648
exp_286,35,vggish,False,3,knn-3,0.8652482269503546,0.8970588235294118,0.8356164383561644,0.8652482269503545
exp_287,35,vggish,False,4,knn-3,0.8652482269503546,0.8648648648648649,0.8767123287671232,0.870748299319728
