name,seed,preprocessor,fischer_reweighting,pca_n_components,classifier,metrics_accuracy_score,metrics_precision,metrics_recall,metrics_f1
exp_32,4,vggish,True,1,knn-3,0.8865248226950354,0.890625,0.8636363636363636,0.8769230769230768
exp_33,4,vggish,True,2,knn-3,0.8652482269503546,0.8852459016393442,0.8181818181818182,0.8503937007874016
exp_34,4,vggish,True,3,knn-3,0.9007092198581559,0.90625,0.8787878787878788,0.8923076923076922
exp_35,4,vggish,True,4,knn-3,0.8936170212765957,0.8923076923076924,0.8787878787878788,0.8854961832061069
exp_36,4,vggish,False,1,knn-3,0.7304964539007093,0.7592592592592593,0.6212121212121212,0.6833333333333333
exp_37,4,vggish,False,2,knn-3,0.8865248226950354,0.9032258064516128,0.8484848484848485,0.875
exp_38,4,vggish,False,3,knn-3,0.8865248226950354,0.9464285714285714,0.803030303030303,0.8688524590163934
exp_39,4,vggish,False,4,knn-3,0.9078014184397164,0.9344262295081968,0.8636363636363636,0.8976377952755905
