name,seed,weights,preprocessor,num_classes,metrics_accuracy_score,metrics_precision,metrics_recall,metrics_f1,pca_components,neighbors
exp_188,47,True,vggish,2,0.9007092198581559,0.9322033898305084,0.8461538461538461,0.8870967741935484,2,3
exp_189,47,False,vggish,2,0.8865248226950354,0.9152542372881356,0.8307692307692308,0.870967741935484,2,3
exp_190,47,True,ised_features,2,0.8439716312056738,0.8115942028985508,0.8615384615384616,0.8358208955223879,2,3
exp_191,47,False,ised_features,2,0.7801418439716312,0.7741935483870968,0.7384615384615385,0.7559055118110236,2,3
