name,seed,preprocessor,fischer_reweighting,pca_n_components,classifier,metrics_accuracy_score,metrics_precision,metrics_recall,metrics_f1
exp_160,20,vggish,True,1,knn-3,0.8936170212765957,0.9253731343283582,0.8611111111111112,0.8920863309352519
exp_161,20,vggish,True,2,knn-3,0.8865248226950354,0.9242424242424242,0.8472222222222222,0.8840579710144927
exp_162,20,vggish,True,3,knn-3,0.8794326241134752,0.9365079365079364,0.8194444444444444,0.874074074074074
exp_163,20,vggish,True,4,knn-3,0.8865248226950354,0.9242424242424242,0.8472222222222222,0.8840579710144927
exp_164,20,vggish,False,1,knn-3,0.8014184397163121,0.7972972972972973,0.8194444444444444,0.8082191780821918
exp_165,20,vggish,False,2,knn-3,0.8368794326241135,0.855072463768116,0.8194444444444444,0.8368794326241135
exp_166,20,vggish,False,3,knn-3,0.8723404255319149,0.9354838709677421,0.8055555555555556,0.8656716417910448
exp_167,20,vggish,False,4,knn-3,0.9007092198581559,0.953125,0.8472222222222222,0.8970588235294118
