name,seed,weights,preprocessor,num_classes,metrics_accuracy_score,metrics_precision,metrics_recall,metrics_f1,pca_components,neighbors
exp_121,30,False,vggish,2,0.75177304964539,0.7205882352941176,0.7538461538461538,0.7368421052631577,2,3
exp_120,30,True,vggish,2,0.8865248226950354,0.8450704225352113,0.9230769230769232,0.8823529411764706,2,3
exp_122,30,True,ised_features,2,0.7375886524822695,0.675,0.8307692307692308,0.7448275862068966,2,3
exp_123,30,False,ised_features,2,0.6666666666666666,0.6153846153846154,0.7384615384615385,0.6713286713286714,2,3
