name,seed,weights,preprocessor,num_classes,metrics_accuracy_score,metrics_precision,metrics_recall,metrics_f1,pca_components,neighbors
exp_61,15,False,vggish,2,0.8865248226950354,0.8865248226950354,0.8865248226950354,0.8865248226950354,2,3
exp_60,15,True,vggish,2,0.9078014184397164,0.9078014184397164,0.9078014184397164,0.9078014184397164,2,3
exp_62,15,True,ised_features,2,0.7659574468085106,0.7659574468085106,0.7659574468085106,0.7659574468085105,2,3
exp_63,15,False,ised_features,2,0.6950354609929078,0.6950354609929078,0.6950354609929078,0.6950354609929078,2,3
