name,seed,weights,preprocessor,num_classes,metrics_accuracy_score,metrics_precision,metrics_recall,metrics_f1,pca_components,neighbors
exp_42,10,True,ised_features,2,0.8794326241134752,0.9508196721311476,0.8055555555555556,0.8721804511278195,2,3
exp_43,10,False,ised_features,2,0.7092198581560284,0.7313432835820896,0.6805555555555556,0.7050359712230216,2,3
exp_41,10,False,vggish,2,0.8865248226950354,0.8783783783783784,0.9027777777777778,0.8904109589041096,2,3
exp_40,10,True,vggish,2,0.8439716312056738,0.8676470588235294,0.8194444444444444,0.8428571428571429,2,3
