name,seed,preprocessor,fischer_reweighting,pca_n_components,classifier,metrics_accuracy_score,metrics_precision,metrics_recall,metrics_f1
exp_384,48,vggish,True,1,knn-3,0.9007092198581559,0.8846153846153846,0.9324324324324323,0.9078947368421052
exp_385,48,vggish,True,2,knn-3,0.8936170212765957,0.9154929577464788,0.8783783783783784,0.8965517241379308
exp_386,48,vggish,True,3,knn-3,0.8723404255319149,0.8684210526315791,0.8918918918918919,0.88
exp_387,48,vggish,True,4,knn-3,0.8936170212765957,0.8641975308641975,0.9459459459459459,0.9032258064516128
exp_388,48,vggish,False,1,knn-3,0.7872340425531915,0.7820512820512819,0.8243243243243243,0.8026315789473683
exp_389,48,vggish,False,2,knn-3,0.851063829787234,0.8840579710144928,0.8243243243243243,0.853146853146853
exp_390,48,vggish,False,3,knn-3,0.9148936170212766,0.9078947368421052,0.9324324324324323,0.92
exp_391,48,vggish,False,4,knn-3,0.9219858156028368,0.9315068493150684,0.9189189189189192,0.9251700680272108
