name,seed,weights,preprocessor,num_classes,metrics_accuracy_score,metrics_precision,metrics_recall,metrics_f1,pca_components,neighbors
exp_5,1,False,vggish,2,0.8226950354609929,0.8226950354609929,0.8226950354609929,0.8226950354609928,2,3
exp_4,1,True,vggish,2,0.9078014184397164,0.9078014184397164,0.9078014184397164,0.9078014184397164,2,3
exp_6,1,True,ised_features,2,0.8794326241134752,0.8794326241134752,0.8794326241134752,0.8794326241134752,2,3
exp_7,1,False,ised_features,2,0.6312056737588653,0.6312056737588653,0.6312056737588653,0.6312056737588653,2,3
