name,seed,weights,preprocessor,num_classes,metrics_accuracy_score,metrics_precision,metrics_recall,metrics_f1,pca_components,neighbors
exp_105,26,False,vggish,2,0.8226950354609929,0.875,0.7671232876712328,0.8175182481751825,2,3
exp_104,26,True,vggish,2,0.8794326241134752,0.9117647058823528,0.8493150684931506,0.8794326241134752,2,3
exp_106,26,True,ised_features,2,0.6666666666666666,0.7096774193548387,0.6027397260273972,0.6518518518518519,2,3
exp_107,26,False,ised_features,2,0.6808510638297872,0.7258064516129032,0.6164383561643836,0.6666666666666667,2,3
