name,seed,preprocessor,fischer_reweighting,n_components,n_neighbors,metrics_accuracy_score,metrics_precision,metrics_recall,metrics_f1
exp_501,25,vggish,False,2,3,0.8936170212765957,0.9069767441860465,0.9176470588235294,0.9122807017543859
exp_500,25,vggish,True,2,3,0.7375886524822695,0.98,0.5764705882352941,0.7259259259259259
