name,seed,weights,preprocessor,num_classes,metrics_accuracy_score,metrics_precision,metrics_recall,metrics_f1,pca_components,neighbors
exp_89,22,False,vggish,2,0.8368794326241135,0.8412698412698413,0.803030303030303,0.8217054263565892,2,3
exp_88,22,True,vggish,2,0.8156028368794326,0.8333333333333334,0.7575757575757576,0.7936507936507938,2,3
exp_91,22,False,ised_features,2,0.7234042553191491,0.7076923076923077,0.696969696969697,0.7022900763358779,2,3
exp_90,22,True,ised_features,2,0.8368794326241135,0.9387755102040816,0.696969696969697,0.8000000000000002,2,3
