name,seed,weights,preprocessor,num_classes,metrics_accuracy_score,metrics_precision,metrics_recall,metrics_f1,pca_components,neighbors
exp_54,13,True,ised_features,2,0.8723404255319149,0.8723404255319149,0.8723404255319149,0.8723404255319149,2,3
exp_53,13,False,vggish,2,0.8794326241134752,0.8794326241134752,0.8794326241134752,0.8794326241134752,2,3
exp_52,13,True,vggish,2,0.8723404255319149,0.8723404255319149,0.8723404255319149,0.8723404255319149,2,3
exp_55,13,False,ised_features,2,0.7304964539007093,0.7304964539007093,0.7304964539007093,0.7304964539007093,2,3
