name,seed,weights,preprocessor,num_classes,metrics_accuracy_score,metrics_precision,metrics_recall,metrics_f1,pca_components,neighbors
exp_119,29,False,ised_features,2,0.6879432624113475,0.6933333333333334,0.7123287671232876,0.7027027027027026,2,3
exp_117,29,False,vggish,2,0.851063829787234,0.90625,0.7945205479452054,0.8467153284671532,2,3
exp_116,29,True,vggish,2,0.8085106382978723,0.8026315789473685,0.8356164383561644,0.8187919463087249,2,3
exp_118,29,True,ised_features,2,0.7304964539007093,0.7397260273972602,0.7397260273972602,0.7397260273972603,2,3
