name,seed,weights,preprocessor,num_classes,metrics_accuracy_score,metrics_precision,metrics_recall,metrics_f1,pca_components,neighbors
exp_175,43,False,ised_features,2,0.6808510638297872,0.6911764705882353,0.6619718309859155,0.6762589928057554,2,3
exp_172,43,True,vggish,2,0.8794326241134752,0.8857142857142857,0.8732394366197183,0.8794326241134751,2,3
exp_173,43,False,vggish,2,0.851063829787234,0.8472222222222222,0.8591549295774648,0.8531468531468532,2,3
exp_174,43,True,ised_features,2,0.8368794326241135,0.8333333333333334,0.8450704225352113,0.8391608391608393,2,3
