name,seed,preprocessor,fischer_reweighting,pca_n_components,classifier,metrics_accuracy_score,metrics_precision,metrics_recall,metrics_f1
exp_48,6,vggish,True,1,knn-3,0.8581560283687943,0.9016393442622952,0.7971014492753623,0.8461538461538461
exp_49,6,vggish,True,2,knn-3,0.8936170212765957,0.8970588235294118,0.8840579710144928,0.8905109489051095
exp_50,6,vggish,True,3,knn-3,0.9078014184397164,0.9,0.9130434782608696,0.9064748201438848
exp_51,6,vggish,True,4,knn-3,0.9432624113475178,0.9420289855072465,0.9420289855072465,0.9420289855072465
exp_52,6,vggish,False,1,knn-3,0.7446808510638298,0.7894736842105263,0.6521739130434783,0.7142857142857143
exp_53,6,vggish,False,2,knn-3,0.8439716312056738,0.8133333333333334,0.8840579710144928,0.8472222222222223
exp_54,6,vggish,False,3,knn-3,0.9007092198581559,0.8985507246376812,0.8985507246376812,0.8985507246376812
exp_55,6,vggish,False,4,knn-3,0.9219858156028368,0.9264705882352942,0.9130434782608696,0.9197080291970804
