name,seed,weights,preprocessor,num_classes,metrics_accuracy_score,metrics_precision,metrics_recall,metrics_f1,pca_components,neighbors
exp_143,35,False,ised_features,2,0.5673758865248227,0.5373134328358209,0.5454545454545454,0.5413533834586466,2,3
exp_142,35,True,ised_features,2,0.7730496453900709,0.7833333333333333,0.7121212121212122,0.7460317460317459,2,3
exp_140,35,True,vggish,2,0.9078014184397164,0.9206349206349206,0.8787878787878788,0.8992248062015504,2,3
exp_141,35,False,vggish,2,0.7659574468085106,0.7704918032786885,0.7121212121212122,0.7401574803149605,2,3
