name,seed,preprocessor,fischer_reweighting,n_components,n_neighbors,metrics_accuracy_score,metrics_precision,metrics_recall,metrics_f1
exp_517,25,openl3-mel256-6144-env,False,2,3,0.7943262411347518,0.8181818181818182,0.8470588235294118,0.8323699421965318
exp_516,25,openl3-mel256-6144-env,True,2,3,0.8794326241134752,0.9594594594594594,0.8352941176470589,0.8930817610062894
