name,seed,weights,preprocessor,num_classes,metrics_accuracy_score,metrics_precision,metrics_recall,metrics_f1,pca_components,neighbors
exp_41,6,False,ised_features,2,0.8652482269503546,0.8888888888888888,0.7868852459016393,0.8347826086956522,2,3
exp_40,6,True,ised_features,2,0.8581560283687943,0.9019607843137256,0.7540983606557377,0.8214285714285715,2,3
exp_38,6,True,vggish,2,0.9078014184397164,0.913793103448276,0.8688524590163934,0.8907563025210085,2,3
exp_36,6,True,openl3,2,0.9219858156028368,0.890625,0.9344262295081968,0.912,2,3
exp_37,6,False,openl3,2,0.8936170212765957,0.8965517241379308,0.8524590163934426,0.8739495798319327,2,3
exp_39,6,False,vggish,2,0.9078014184397164,0.9285714285714286,0.8524590163934426,0.8888888888888891,2,3
