name,seed,weights,preprocessor,num_classes,metrics_accuracy_score,metrics_precision,metrics_recall,metrics_f1,pca_components,neighbors
exp_20,5,True,vggish,2,0.8014184397163121,0.875,0.7368421052631579,0.7999999999999999,2,3
exp_21,5,False,vggish,2,0.8014184397163121,0.9,0.7105263157894737,0.7941176470588235,2,3
exp_23,5,False,ised_features,2,0.6312056737588653,0.6764705882352942,0.6052631578947368,0.6388888888888888,2,3
exp_22,5,True,ised_features,2,0.7588652482269503,0.875,0.6447368421052632,0.7424242424242424,2,3
