name,seed,weights,preprocessor,num_classes,metrics_accuracy_score,metrics_precision,metrics_recall,metrics_f1,pca_components,neighbors
exp_197,49,False,vggish,2,0.8156028368794326,0.7916666666666666,0.8382352941176471,0.8142857142857143,2,3
exp_199,49,False,ised_features,2,0.7234042553191491,0.6933333333333334,0.7647058823529411,0.7272727272727272,2,3
exp_198,49,True,ised_features,2,0.8723404255319149,0.890625,0.8382352941176471,0.8636363636363636,2,3
exp_196,49,True,vggish,2,0.8226950354609929,0.8208955223880597,0.8088235294117647,0.8148148148148148,2,3
