name,seed,weights,preprocessor,num_classes,metrics_accuracy_score,metrics_precision,metrics_recall,metrics_f1,pca_components,neighbors
exp_144,24,True,openl3,2,0.9645390070921984,0.9855072463768116,0.9444444444444444,0.9645390070921984,2,3
exp_145,24,False,openl3,2,0.8865248226950354,0.9666666666666668,0.8055555555555556,0.8787878787878789,2,3
exp_147,24,False,vggish,2,0.9078014184397164,0.953846153846154,0.8611111111111112,0.9051094890510948,2,3
exp_149,24,False,ised_features,2,0.8652482269503546,0.9206349206349206,0.8055555555555556,0.8592592592592592,2,3
exp_148,24,True,ised_features,2,0.8936170212765957,0.9384615384615383,0.8472222222222222,0.8905109489051095,2,3
exp_146,24,True,vggish,2,0.9148936170212766,0.9838709677419356,0.8472222222222222,0.9104477611940298,2,3
