name,seed,weights,preprocessor,num_classes,metrics_accuracy_score,metrics_precision,metrics_recall,metrics_f1,pca_components,neighbors
exp_68,17,True,vggish,2,0.9219858156028368,0.9219858156028368,0.9219858156028368,0.9219858156028368,2,3
exp_69,17,False,vggish,2,0.8723404255319149,0.8723404255319149,0.8723404255319149,0.8723404255319149,2,3
exp_70,17,True,ised_features,2,0.8439716312056738,0.8439716312056738,0.8439716312056738,0.8439716312056738,2,3
exp_71,17,False,ised_features,2,0.7446808510638298,0.7446808510638298,0.7446808510638298,0.7446808510638298,2,3
