name,seed,weights,preprocessor,num_classes,metrics_accuracy_score,metrics_precision,metrics_recall,metrics_f1,pca_components,neighbors
exp_158,39,True,ised_features,2,0.8297872340425532,0.8970588235294118,0.7820512820512819,0.8356164383561644,2,3
exp_156,39,True,vggish,2,0.8581560283687943,0.9142857142857144,0.8205128205128205,0.8648648648648648,2,3
exp_157,39,False,vggish,2,0.8794326241134752,0.9552238805970148,0.8205128205128205,0.8827586206896552,2,3
exp_159,39,False,ised_features,2,0.6595744680851063,0.6923076923076923,0.6923076923076923,0.6923076923076923,2,3
