name,seed,weights,preprocessor,num_classes,metrics_accuracy_score,metrics_precision,metrics_recall,metrics_f1,pca_components,neighbors
exp_119,29,False,ised_features,2,0.7375886524822695,0.7647058823529411,0.7123287671232876,0.7375886524822695,2,3
exp_117,29,False,vggish,2,0.8936170212765957,0.9264705882352942,0.8630136986301371,0.8936170212765958,2,3
exp_116,29,True,vggish,2,0.8439716312056738,0.8148148148148148,0.9041095890410958,0.8571428571428571,2,3
exp_118,29,True,ised_features,2,0.8794326241134752,0.9,0.8630136986301371,0.8811188811188809,2,3
