name,seed,weights,preprocessor,num_classes,metrics_accuracy_score,metrics_precision,metrics_recall,metrics_f1,pca_components,neighbors
exp_61,10,False,openl3,2,0.8936170212765957,0.8571428571428571,0.8727272727272727,0.8648648648648648,2,3
exp_60,10,True,openl3,2,0.9574468085106383,0.9803921568627452,0.9090909090909092,0.9433962264150944,2,3
exp_65,10,False,ised_features,2,0.851063829787234,0.7931034482758621,0.8363636363636363,0.8141592920353982,2,3
exp_62,10,True,vggish,2,0.9290780141843972,0.9411764705882352,0.8727272727272727,0.9056603773584904,2,3
exp_63,10,False,vggish,2,0.9219858156028368,0.94,0.8545454545454545,0.8952380952380952,2,3
exp_64,10,True,ised_features,2,0.8581560283687943,0.8070175438596491,0.8363636363636363,0.8214285714285714,2,3
