name,seed,preprocessor,fischer_reweighting,n_components,n_neighbors,metrics_accuracy_score,metrics_precision,metrics_recall,metrics_f1
exp_519,25,openl3-mel256-6144-music,False,2,3,0.8368794326241135,0.8522727272727273,0.8823529411764706,0.8670520231213872
exp_518,25,openl3-mel256-6144-music,True,2,3,0.8368794326241135,0.984375,0.7411764705882353,0.8456375838926175
