name,seed,weights,preprocessor,num_classes,metrics_accuracy_score,metrics_precision,metrics_recall,metrics_f1,pca_components,neighbors
exp_228,38,True,openl3,2,0.9645390070921984,0.979591836734694,0.9230769230769232,0.9504950495049506,2,3
exp_229,38,False,openl3,2,0.9078014184397164,0.9333333333333332,0.8076923076923077,0.8659793814432989,2,3
exp_233,38,False,ised_features,2,0.8723404255319149,0.8695652173913043,0.7692307692307693,0.8163265306122449,2,3
exp_232,38,True,ised_features,2,0.9007092198581559,0.9130434782608696,0.8076923076923077,0.8571428571428572,2,3
exp_230,38,True,vggish,2,0.9290780141843972,0.903846153846154,0.903846153846154,0.903846153846154,2,3
exp_231,38,False,vggish,2,0.8794326241134752,0.8301886792452831,0.8461538461538461,0.8380952380952382,2,3
