name,seed,weights,preprocessor,num_classes,metrics_accuracy_score,metrics_precision,metrics_recall,metrics_f1,pca_components,neighbors
exp_95,23,False,ised_features,2,0.5957446808510638,0.5897435897435898,0.647887323943662,0.6174496644295302,2,3
exp_92,23,True,vggish,2,0.8439716312056738,0.8888888888888888,0.7887323943661971,0.8358208955223879,2,3
exp_93,23,False,vggish,2,0.8297872340425532,0.8507462686567164,0.8028169014084507,0.8260869565217391,2,3
exp_94,23,True,ised_features,2,0.6524822695035462,0.6410256410256411,0.7042253521126759,0.6711409395973156,2,3
