name,seed,weights,preprocessor,num_classes,metrics_accuracy_score,metrics_precision,metrics_recall,metrics_f1,pca_components,neighbors
exp_102,25,True,ised_features,2,0.6595744680851063,0.7096774193548387,0.5945945945945946,0.6470588235294118,2,3
exp_103,25,False,ised_features,2,0.6382978723404256,0.7017543859649122,0.5405405405405406,0.6106870229007634,2,3
exp_101,25,False,vggish,2,0.8297872340425532,0.8787878787878788,0.7837837837837838,0.8285714285714285,2,3
exp_100,25,True,vggish,2,0.8936170212765957,0.9402985074626866,0.8513513513513513,0.8936170212765957,2,3
