name,seed,weights,preprocessor,num_classes,metrics_accuracy_score,metrics_precision,metrics_recall,metrics_f1,pca_components,neighbors
exp_59,14,False,ised_features,2,0.6382978723404256,0.6382978723404256,0.6382978723404256,0.6382978723404256,2,3
exp_57,14,False,vggish,2,0.8156028368794326,0.8156028368794326,0.8156028368794326,0.8156028368794325,2,3
exp_56,14,True,vggish,2,0.8936170212765957,0.8936170212765957,0.8936170212765957,0.8936170212765957,2,3
exp_58,14,True,ised_features,2,0.8723404255319149,0.8723404255319149,0.8723404255319149,0.8723404255319149,2,3
