name,seed,preprocessor,fischer_reweighting,pca_n_components,classifier,metrics_accuracy_score,metrics_precision,metrics_recall,metrics_f1
exp_8,1,vggish,True,1,knn-3,0.8794326241134752,0.8923076923076924,0.8529411764705882,0.8721804511278195
exp_9,1,vggish,True,2,knn-3,0.8794326241134752,0.918032786885246,0.8235294117647058,0.868217054263566
exp_10,1,vggish,True,3,knn-3,0.9290780141843972,0.967741935483871,0.8823529411764706,0.923076923076923
exp_11,1,vggish,True,4,knn-3,0.9361702127659576,0.9402985074626866,0.9264705882352942,0.9333333333333336
exp_12,1,vggish,False,1,knn-3,0.7163120567375887,0.7058823529411765,0.7058823529411765,0.7058823529411765
exp_13,1,vggish,False,2,knn-3,0.8581560283687943,0.875,0.8235294117647058,0.8484848484848485
exp_14,1,vggish,False,3,knn-3,0.8865248226950354,0.9193548387096774,0.8382352941176471,0.8769230769230769
exp_15,1,vggish,False,4,knn-3,0.8794326241134752,0.9047619047619048,0.8382352941176471,0.8702290076335878
