name,seed,weights,preprocessor,num_classes,metrics_accuracy_score,metrics_precision,metrics_recall,metrics_f1,pca_components,neighbors
exp_151,25,False,openl3,2,0.9078014184397164,0.8870967741935484,0.9016393442622952,0.8943089430894309,2,3
exp_150,25,True,openl3,2,0.9645390070921984,0.9666666666666668,0.9508196721311476,0.9586776859504132,2,3
exp_152,25,True,vggish,2,0.9219858156028368,0.9166666666666666,0.9016393442622952,0.9090909090909092,2,3
exp_155,25,False,ised_features,2,0.8865248226950354,0.8947368421052632,0.8360655737704918,0.8644067796610171,2,3
exp_154,25,True,ised_features,2,0.8085106382978723,0.7741935483870968,0.7868852459016393,0.7804878048780488,2,3
exp_153,25,False,vggish,2,0.8723404255319149,0.8644067796610171,0.8360655737704918,0.85,2,3
