name,seed,weights,preprocessor,num_classes,metrics_accuracy_score,metrics_precision,metrics_recall,metrics_f1,pca_components,neighbors
exp_275,45,False,ised_features,2,0.8723404255319149,0.8297872340425532,0.7959183673469388,0.8125,2,3
exp_272,45,True,vggish,2,0.8936170212765957,0.8269230769230769,0.8775510204081632,0.8514851485148514,2,3
exp_273,45,False,vggish,2,0.9148936170212766,0.8627450980392157,0.8979591836734694,0.8799999999999999,2,3
exp_274,45,True,ised_features,2,0.8865248226950354,0.8837209302325582,0.7755102040816326,0.826086956521739,2,3
exp_271,45,False,openl3,2,0.9361702127659576,0.9347826086956522,0.8775510204081632,0.9052631578947368,2,3
exp_270,45,True,openl3,2,0.9645390070921984,0.9583333333333334,0.9387755102040816,0.9484536082474228,2,3
