name,seed,weights,preprocessor,num_classes,metrics_accuracy_score,metrics_precision,metrics_recall,metrics_f1,pca_components,neighbors
exp_128,32,True,vggish,2,0.8865248226950354,0.9117647058823528,0.8611111111111112,0.8857142857142858,2,3
exp_129,32,False,vggish,2,0.8226950354609929,0.8309859154929577,0.8194444444444444,0.8251748251748252,2,3
exp_130,32,True,ised_features,2,0.851063829787234,0.9047619047619048,0.7916666666666666,0.8444444444444444,2,3
exp_131,32,False,ised_features,2,0.7234042553191491,0.7323943661971831,0.7222222222222222,0.7272727272727272,2,3
