name,seed,weights,preprocessor,num_classes,metrics_accuracy_score,metrics_precision,metrics_recall,metrics_f1,pca_components,neighbors
exp_144,36,True,vggish,2,0.8156028368794326,0.8472222222222222,0.8026315789473685,0.8243243243243243,2,3
exp_145,36,False,vggish,2,0.8085106382978723,0.8356164383561644,0.8026315789473685,0.8187919463087249,2,3
exp_147,36,False,ised_features,2,0.7659574468085106,0.8208955223880597,0.7236842105263158,0.7692307692307693,2,3
exp_146,36,True,ised_features,2,0.8723404255319149,0.9027777777777778,0.8552631578947368,0.8783783783783783,2,3
