name,seed,preprocessor,fischer_reweighting,pca_n_components,classifier,metrics_accuracy_score,metrics_precision,metrics_recall,metrics_f1
exp_363,33,openl3-mel256-512-music,False,,knn-3,0.9787234042553192,0.9814814814814816,0.9636363636363636,0.9724770642201834
exp_363,33,openl3-mel256-512-music,False,,knn-3,0.9787234042553192,0.9814814814814816,0.9636363636363636,0.9724770642201834
