name,seed,weights,preprocessor,num_classes,metrics_accuracy_score,metrics_precision,metrics_recall,metrics_f1,pca_components,neighbors
exp_219,36,False,vggish,2,0.9219858156028368,0.890625,0.9344262295081968,0.912,2,3
exp_221,36,False,ised_features,2,0.8936170212765957,0.8965517241379308,0.8524590163934426,0.8739495798319327,2,3
exp_217,36,False,openl3,2,0.9361702127659576,0.9482758620689656,0.9016393442622952,0.9243697478991596,2,3
exp_216,36,True,openl3,2,0.9858156028368794,0.9682539682539684,1.0,0.9838709677419354,2,3
exp_220,36,True,ised_features,2,0.8794326241134752,0.8666666666666667,0.8524590163934426,0.8595041322314049,2,3
exp_218,36,True,vggish,2,0.9007092198581559,0.8615384615384616,0.918032786885246,0.8888888888888888,2,3
