name,seed,weights,preprocessor,num_classes,metrics_accuracy_score,metrics_precision,metrics_recall,metrics_f1,pca_components,neighbors
exp_126,31,True,ised_features,2,0.8297872340425532,0.8412698412698413,0.7910447761194029,0.8153846153846153,2,3
exp_127,31,False,ised_features,2,0.6808510638297872,0.6666666666666666,0.6567164179104478,0.6616541353383459,2,3
exp_125,31,False,vggish,2,0.7446808510638298,0.7313432835820896,0.7313432835820896,0.7313432835820896,2,3
exp_124,31,True,vggish,2,0.8439716312056738,0.8571428571428571,0.8059701492537313,0.8307692307692308,2,3
